index,country,name,full_name,symbol,currency,class,market
0,china,MSCI China Price HKD,MSCI China Price HKD,MICN00000PHK,HKD,other_indices,global_indices
1,china,MSCI China A NR USD,MSCI China A NR USD,MICNA0000NUS,USD,other_indices,global_indices
2,china,AlphaShares China All Cap,AlphaShares China All Cap,ACNAC,USD,other_indices,global_indices
3,china,AlphaShares China Technology,AlphaShares China Technology,ACNIT,USD,other_indices,global_indices
4,china,S Box China Energy TR,S-Box China Energy TR,CHIE,EUR,other_indices,global_indices
5,china,S Box China Industrial TR,S-Box China Industrials TR,CHII,EUR,other_indices,global_indices
6,china,S Box China Consumer TR,S-Box China Consumer TR,CHIQ,EUR,other_indices,global_indices
7,china,CSI Overseas China Internet USD,CSI Overseas China Internet USD,H11137,USD,other_indices,global_indices
8,china,HSCEIF 3XL,HSCEI Futures Long x3,X000,HKD,other_indices,global_indices
9,china,HSIF 4XS,HSI Futures Short x4,X00X,HKD,other_indices,global_indices
10,china,HSCEIF 4XL,HSCEI Futures Long x4,X040,HKD,other_indices,global_indices
11,china,HSIF 1XL,HSI Futures Long x1,X04V,HKD,other_indices,global_indices
12,china,HSIF 2XL,HSI Futures Long x2,X04W,HKD,other_indices,global_indices
13,china,HSIF 1XS,HSI Futures Short x1,X04X,HKD,other_indices,global_indices
14,china,HSIF 2XS,HSI Futures Short x2,X04Y,HKD,other_indices,global_indices
15,china,HSIF 3XS,HSI Futures Short x3,X04Z,HKD,other_indices,global_indices
16,china,CSI Overseas China 5y Plan USD,CSI Overseas China Five Year Plan USD,H11161,USD,other_indices,global_indices
17,china,China Securities 300 Consumer Disc,China Securities 300 Consumer Disc,CSI300CD,CNY,other_indices,global_indices
18,china,DJ China Offshore 50,DJ China Offshore 50,DJCHOS50,USD,other_indices,global_indices
19,china,CSI 300 Net TR USD,CSI 300 Net TR USD,CSIID301,USD,other_indices,global_indices
20,china,DJ Shenzhen,Dow Jones Shenzhen,DJSZ,CNY,additional_indices,global_indices
21,china,DJ Shanghai,Dow Jones Shanghai,DJSH,CNY,additional_indices,global_indices
22,china,BNY Mellon China Select ADRSM,BNY Mellon China Select ADRSM,BKTCN,USD,additional_indices,global_indices
23,china,HSCEIF 3XS,HSCEI Futures 3xShort,X0C0,HKD,other_indices,global_indices
24,china,BNY Mellon China ADR,BNY Mellon China ADR,BKCN,USD,additional_indices,global_indices
25,china,BNY Mellon China Classic ADR,BNY Mellon China Classic ADR,BKCCN,USD,additional_indices,global_indices
26,china,BNY Mellon China xià yī dài ADR,BNY Mellon China xià yī dài ADR,BKXYD,USD,additional_indices,global_indices
27,china,DJ China Offshore 50 Tot,DJ China Offshore 50 Tot,DJCOS50N,USD,other_indices,global_indices
28,china,BNY Mellon China ADR TR,BNY Mellon China ADR Total Return,BKCNT,USD,additional_indices,global_indices
29,china,BNY Mellon China Select ADR TRSM,BNY Mellon China Select ADR Total ReturnSM,BKTCNT,USD,additional_indices,global_indices
30,china,FTSE China A-H 50,FTSE China A-H 50,FTFCAH50,USD,additional_indices,global_indices
31,china,FTSE China A All Share,FTSE China A All Share,FTXI7,CNY,additional_indices,global_indices
32,china,FTSE RAFI Hong Kong/China,FTSE RAFI Hong Kong/China,FTFRHKG,USD,other_indices,global_indices
33,china,MSCI Golden Dragon,MSCI Golden Dragon,MIGD00000PUS,USD,other_indices,global_indices
34,china,MSCI Zhong Hua,MSCI Zhong Hua,MIZH00000PUS,USD,other_indices,global_indices
35,china,DJ BRIC China 15 Capped NTR,DJ BRIC China 15 Capped NTR,B50CNCDN,USD,other_indices,global_indices
36,china,BNY Mellon China Classic ADR TR,BNY Mellon China Classic ADR Total Return,BKCCNT,USD,additional_indices,global_indices
37,china,HSCEIF 1XL,HSCEI Futures 1xLong,X0CA,HKD,other_indices,global_indices
38,china,HSCEIF 2XL,HSCEI Futures 2xLong,X0CB,HKD,other_indices,global_indices
39,china,HSCEIF 1XS,HSCEI Futures 1xShort,X0CC,HKD,other_indices,global_indices
40,china,FTSE China Chemicals EUR,FTSE China Chemicals EUR,FTWICHN1350E,EUR,other_indices,global_indices
41,china,FTSE China Beverages GBP,FTSE China Beverages GBP,FTWICHN3530S,GBP,other_indices,global_indices
42,china,FTSE China Beverages JPY,FTSE China Beverages JPY,FTWICHN3530Y,JPY,other_indices,global_indices
43,china,FTSE China Beverages USD,FTSE China Beverages USD,FTWICHN3530U,USD,other_indices,global_indices
44,china,FTSE China Beverages EUR,FTSE China Beverages EUR,FTWICHN3530E,EUR,other_indices,global_indices
45,china,FTSE China Basic Materials GBP,FTSE China Basic Materials GBP,FTWICHN1000S,GBP,other_indices,global_indices
46,china,FTSE China Basic Materials JPY,FTSE China Basic Materials JPY,FTWICHN1000Y,JPY,other_indices,global_indices
47,china,FTSE China Basic Materials USD,FTSE China Basic Materials USD,FTWICHN1000U,USD,other_indices,global_indices
48,china,FTSE China Basic Materials EUR,FTSE China Basic Materials EUR,FTWICHN1000E,EUR,other_indices,global_indices
49,china,FTSE China Banks GBP,FTSE China Banks GBP,FTWICHN8350S,GBP,other_indices,global_indices
50,china,FTSE China Chemicals USD,FTSE China Chemicals USD,FTWICHN1350U,USD,other_indices,global_indices
51,china,FTSE China Banks JPY,FTSE China Banks JPY,FTWICHN8350Y,JPY,other_indices,global_indices
52,china,FTSE China Banks EUR,FTSE China Banks EUR,FTWICHN8350E,EUR,other_indices,global_indices
53,china,FTSE China Automobiles Parts GBP,FTSE China Automobiles Parts GBP,FTWICHN3350S,GBP,other_indices,global_indices
54,china,FTSE China Automobiles Parts JPY,FTSE China Automobiles Parts JPY,FTWICHN3350Y,JPY,other_indices,global_indices
55,china,FTSE China Automobiles Parts USD,FTSE China Automobiles Parts USD,FTWICHN3350U,USD,other_indices,global_indices
56,china,FTSE China Automobiles Parts EUR,FTSE China Automobiles Parts EUR,FTWICHN3350E,EUR,other_indices,global_indices
57,china,FTSE China A TR CHF,FTSE China A TR CHF,FTGPVP009SF,CHF,other_indices,global_indices
58,china,FTSE China A TR CNY,FTSE China A TR CNY,TFTGPVP009C,CNY,other_indices,global_indices
59,china,FTSE China A TR JPY,FTSE China A TR JPY,FTGPVP009Y,JPY,other_indices,global_indices
60,china,FTSE China A TR GBP,FTSE China A TR GBP,FTGPVP009S,GBP,other_indices,global_indices
61,china,FTSE China A TR EUR,FTSE China A TR EUR,FTGPVP009E,EUR,other_indices,global_indices
62,china,FTSE China Banks USD,FTSE China Banks USD,FTWICHN8350U,USD,other_indices,global_indices
63,china,FTSE China Chemicals JPY,FTSE China Chemicals JPY,FTWICHN1350Y,JPY,other_indices,global_indices
64,china,FTSE China Chemicals GBP,FTSE China Chemicals GBP,FTWICHN1350S,GBP,other_indices,global_indices
65,china,FTSE China Construction Materi EUR,FTSE China Construction Materi EUR,FTWICHN2350E,EUR,other_indices,global_indices
66,china,FTSE China Financials GBP,FTSE China Financials GBP,FTWICHN8000S,GBP,other_indices,global_indices
67,china,FTSE China Financials JPY,FTSE China Financials JPY,FTWICHN8000Y,JPY,other_indices,global_indices
68,china,FTSE China Financials USD,FTSE China Financials USD,FTWICHN8000U,USD,other_indices,global_indices
69,china,FTSE China Financials EUR,FTSE China Financials EUR,FTWICHN8000E,EUR,other_indices,global_indices
70,china,FTSE China Electronic Electric GBP,FTSE China Electronic Electric GBP,FTWICHN2730S,GBP,other_indices,global_indices
71,china,FTSE China Electronic Electric JPY,FTSE China Electronic Electric JPY,FTWICHN2730Y,JPY,other_indices,global_indices
72,china,FTSE China Electronic Electric USD,FTSE China Electronic Electric USD,FTWICHN2730U,USD,other_indices,global_indices
73,china,FTSE China Electronic Electric EUR,FTSE China Electronic Electric EUR,FTWICHN2730E,EUR,other_indices,global_indices
74,china,FTSE China Electricity GBP,FTSE China Electricity GBP,FTWICHN7530S,GBP,other_indices,global_indices
75,china,FTSE China Electricity JPY,FTSE China Electricity JPY,FTWICHN7530Y,JPY,other_indices,global_indices
76,china,FTSE China Electricity USD,FTSE China Electricity USD,FTWICHN7530U,USD,other_indices,global_indices
77,china,FTSE China Electricity EUR,FTSE China Electricity EUR,FTWICHN7530E,EUR,other_indices,global_indices
78,china,FTSE China Consumer Services GBP,FTSE China Consumer Services GBP,FTWICHN5000S,GBP,other_indices,global_indices
79,china,FTSE China Consumer Services JPY,FTSE China Consumer Services JPY,FTWICHN5000Y,JPY,other_indices,global_indices
80,china,FTSE China Consumer Services USD,FTSE China Consumer Services USD,FTWICHN5000U,USD,other_indices,global_indices
81,china,FTSE China Consumer Services EUR,FTSE China Consumer Services EUR,FTWICHN5000E,EUR,other_indices,global_indices
82,china,FTSE China Consumer Goods GBP,FTSE China Consumer Goods GBP,FTWICHN3000S,GBP,other_indices,global_indices
83,china,FTSE China Consumer Goods JPY,FTSE China Consumer Goods JPY,FTWICHN3000Y,JPY,other_indices,global_indices
84,china,FTSE China Consumer Goods USD,FTSE China Consumer Goods USD,FTWICHN3000U,USD,other_indices,global_indices
85,china,FTSE China Consumer Goods EUR,FTSE China Consumer Goods EUR,FTWICHN3000E,EUR,other_indices,global_indices
86,china,FTSE China Construction Materi GBP,FTSE China Construction Materi GBP,FTWICHN2350S,GBP,other_indices,global_indices
87,china,FTSE China Construction Materi JPY,FTSE China Construction Materi JPY,FTWICHN2350Y,JPY,other_indices,global_indices
88,china,FTSE China Construction Materi USD,FTSE China Construction Materi USD,FTWICHN2350U,USD,other_indices,global_indices
89,china,FTSE China A TR USD,FTSE China A TR USD,FTGPVP009U,USD,other_indices,global_indices
90,china,MSCI China ex Hong Kong Net USD,MSCI China ex Hong Kong Net USD,MICNH0000NUS,USD,additional_indices,global_indices
91,china,FTSE China A TR CAD,FTSE China A TR CAD,FTGPVP009C,CAD,other_indices,global_indices
92,china,FTSE China A Small Cap USD,FTSE China A Small Cap USD,FTXIN6U,USD,other_indices,global_indices
93,china,FTSE Value Stocks China A Share,FTSE Value Stocks China A Share,FTGPVP009,CNY,other_indices,global_indices
94,china,FTSE China A50 Shariah,FTSE China A50 Shariah,FTGPCSSA50,CNY,other_indices,global_indices
95,china,FTSE Emerging incl China Overseas non R/QFII GDP W,FTSE Emerging incl China Overseas non R/QFII GDP Weighted,FTGDPECO,USD,other_indices,global_indices
96,china,FTSE China Small Cap,FTSE China Small Cap,FTXI6,CNY,other_indices,global_indices
97,china,FTSE China A 400,FTSE China A 400,FTXIA400,CNY,other_indices,global_indices
98,china,FTSE China A 600,FTSE China A 600,FTXIA600,CNY,other_indices,global_indices
99,china,FTSE China A 200,FTSE China A 200,FTXIA200,CNY,other_indices,global_indices
100,china,NQ Golden Dragon China,NASDAQ Golden Dragon China,HXC,USD,other_indices,global_indices
101,china,NQ OMX China Technology,NASDAQ OMX China Technology,CHXN9000,USD,other_indices,global_indices
102,china,BNY Mellon China xia yi dai ADR TR,BNY Mellon China xia yi dai ADR Total Return,BKXYDTR,USD,other_indices,global_indices
103,china,FTSE Renaissance Hong Kong/China Top IPO,FTSE Renaissance Hong Kong/China Top IPO,FTIPOSHKT,USD,other_indices,global_indices
104,china,DJ Islam China/HK Titans 30 USD,Dow Jones Islamic Market China/Hong Kong Titans 30 USD,DJICHKU,USD,other_indices,global_indices
105,china,DJ China 88,Dow Jones China 88,DJCN,CNY,other_indices,global_indices
106,china,DJ China Broad Market,Dow Jones China Broad Market,DJCH,CNY,other_indices,global_indices
107,china,DJ BRIC China 15 EUR,Dow Jones BRIC China 15 EUR,B50CNE,EUR,other_indices,global_indices
108,china,DJ BRIC China 15 USD,Dow Jones BRIC China 15 USD,B50CND,USD,other_indices,global_indices
109,china,DJ BRIC China 15 DR USD,Dow Jones BRIC China 15 DR USD,B15CDRD,USD,other_indices,global_indices
110,china,China Securities 500,China Securities 500,CSI500,CNY,other_indices,global_indices
111,china,HSIF 4XL,HSI Futures 4x Long,X0DZ,HKD,other_indices,global_indices
112,china,HSIF 3XL,HSI Futures 3x Long,X0DY,HKD,other_indices,global_indices
113,china,HSCEIF 4XS,HSCEI Futures 4x Short,X0D0,HKD,other_indices,global_indices
114,china,HSCEIF 2XS,HSCEI Futures 2xShort,X0CD,HKD,other_indices,global_indices
115,china,DJ Islam China/HK Titans 30 HKD,Dow Jones Islamic Market China/Hong Kong Titans 30 HKD,DJICHK,HKD,other_indices,global_indices
116,china,FTSE China 50 Net Tax CAD,FTSE China 50 Net Tax CAD,TRIXIN0CN,CAD,other_indices,global_indices
117,china,FTSE China 50 TR HKD,FTSE China 50 Total Return HKD,TFTXIN0H,HKD,other_indices,global_indices
118,china,FTSE China 50 TR,FTSE China 50 Total Return,TFTXIN0U,USD,other_indices,global_indices
119,china,FTSE China A Small Cap CNY,FTSE China A Small Cap CNY,FTXIN6C,CNY,other_indices,global_indices
120,china,FTSE China A Small Cap HKD,FTSE China A Small Cap HKD,FTXIN6H,HKD,other_indices,global_indices
121,china,FTSE China A Net Tax USD,FTSE China A Net Tax USD,TFTFQCANUU,USD,other_indices,global_indices
122,china,FTSE China A All Share USD,FTSE China A All Share USD,FTXIN7U,USD,other_indices,global_indices
123,china,FTSE China A All Share CNY,FTSE China A All Share CNY,FTXIN7C,CNY,other_indices,global_indices
124,china,FTSE China A All Share HKD,FTSE China A All Share HKD,FTXIN7H,HKD,other_indices,global_indices
125,china,FTSE China A 600 USD,FTSE China A 600 USD,FTXIN4U,USD,other_indices,global_indices
126,china,FTSE China A 600 CNY,FTSE China A 600 CNY,FTXIN4C,CNY,other_indices,global_indices
127,china,FTSE China A 600 HKD,FTSE China A 600 HKD,FTXIN4H,HKD,other_indices,global_indices
128,china,FTSE China A 400 USD,FTSE China A 400 USD,FTXIN5U,USD,other_indices,global_indices
129,china,FTSE China A 400 CNY,FTSE China A 400 CNY,FTXIN5C,CNY,other_indices,global_indices
130,china,FTSE China A 400 HKD,FTSE China A 400 HKD,FTXIN5H,HKD,other_indices,global_indices
131,china,FTSE China A 200 USD,FTSE China A 200 USD,FTXIN3U,USD,other_indices,global_indices
132,china,FTSE China A 200 CNY,FTSE China A 200 CNY,FTXIN3C,CNY,other_indices,global_indices
133,china,FTSE China A 200 HKD,FTSE China A 200 HKD,FTXIN3H,HKD,other_indices,global_indices
134,china,FTSE China A50 Net CNY,FTSE China A50 Net CNY,TRIXINA50N,CNY,other_indices,global_indices
135,china,CSI All Share TR,CSI All Share Total Return,CSIH00985,CNY,other_indices,global_indices
136,china,BNY China Select ADR TR,BNY Mellon China Select ADR TR CAD,BKCNCTR,CAD,other_indices,global_indices
137,china,BNY China Select ADR TR Hedged,BNY Mellon China Select ADR TR CAD Hedged,BKCNCHTR,CAD,other_indices,global_indices
138,china,BNY China Select ADR Hedged,BNY Mellon China Select ADR CAD Hedged,BKCNCH,CAD,other_indices,global_indices
139,china,BNY China Select ADR,BNY Mellon China Select ADR CAD,BKCNC,CAD,other_indices,global_indices
140,china,MSCI Golden Dragon Net,MSCI International Golden Dragon Net Real time,MIGD00000NUS,USD,other_indices,global_indices
141,china,FTSE China A50 TR,FTSE China A50 TR,TFTXIN9C,CNY,other_indices,global_indices
142,china,FTSE China A TR AUD,FTSE China A TR AUD,FTGPVP009A,AUD,other_indices,global_indices
143,china,FTSE China 50 TR NET,FTSE China 50 TR NET,TFTGPDEU003U,USD,additional_indices,global_indices
144,china,SME-Chinext 500,SME-Chinext 500,SZSC500,CNY,other_indices,world_indices
145,china,SSE 5 year China T Note,SSE 5 year China T Note,CSI000140,CNY,bonds,global_indices
146,china,FTSE China Aerospace&Defence,FTSE China A 600 - Aerospace & Defence,FTXIN42710,CNY,other_indices,world_indices
147,china,FTSE China Altenative Energy,FTSE China A 600 - Altenative Energy,FTXIN40580,CNY,other_indices,world_indices
148,china,FTSE China Auto&Parts,FTSE China A 600 - Automobile & Parts,FTXIN43350,CNY,other_indices,world_indices
149,china,FTSE China Basic Materials,FTSE China A 600 - Basic Materials,FTXIN41000,CNY,other_indices,world_indices
150,china,FTSE China Beverages,FTSE China A 600 - Beverages,FTXIN43530,CNY,other_indices,world_indices
151,china,FTSE China Chemicals,FTSE China A 600 - Chemicals,FTXIN41350,CNY,other_indices,world_indices
152,china,SSE Enterprise Bond,SSE Enterprise Bond,SSEEBI,CNY,other_indices,world_indices
153,china,FTSE China Constr&Materials,FTSE China A 600 - Construction & Materials,FTXIN42350,CNY,other_indices,world_indices
154,china,FTSE China Consumer Svcs,FTSE China A 600 - Consumer Services,FTXIN45000,CNY,other_indices,world_indices
155,china,FTSE China E&E Equip,FTSE China A 600 - Electronic & Electrical Equipment,FTXIN42730,CNY,other_indices,world_indices
156,china,FTSE China Food&Drug Retail,FTSE China A 600 - Food & Drug Retailers,FTXIN45330,CNY,other_indices,world_indices
157,china,FTSE China Food Producers,FTSE China A 600 - Food Producers,FTXIN43570,CNY,other_indices,world_indices
158,china,FTSE China Forestry Paper,FTSE China A 600 - Forestry & Paper,FTXIN41730,CNY,other_indices,world_indices
159,china,FTSE China General Financial,FTSE China A 600 - General Financial,FTXIN48770,CNY,other_indices,world_indices
160,china,FTSE China Consumer Goods,FTSE China A 600 - Consumer Goods,FTXIN43000,CNY,other_indices,world_indices
161,china,FTSE China General Industr,FTSE China A 600 - General Industrials,FTXIN42720,CNY,other_indices,world_indices
162,china,SSE Credit Bond 100,SSE Credit Bond 100,SSECB100,CNY,other_indices,world_indices
163,china,SSE CB 30,SSE CB 30,SSECB30,CNY,other_indices,world_indices
164,china,SZSE Technology,SZSE Technology,SZTSI,CNY,primary_sectors,world_indices
165,china,SZSE Telecom,SZSE Telecom,SZTSSI,CNY,primary_sectors,world_indices
166,china,SZSE Transportation,SZSE Transportation,SZTRI,CNY,primary_sectors,world_indices
167,china,SZSE Upstream Industry,SZSE Upstream Industry,SZUII,CNY,primary_sectors,world_indices
168,china,SZSE Utilities,SZSE Utilities,SZUSI,CNY,primary_sectors,world_indices
169,china,SZSE Wholesale & Retail,SZSE Wholesale & Retail,SZWHI,CNY,primary_sectors,world_indices
170,china,SSE Convertible Bond,SSE Convertible Bond,SSECB,CNY,other_indices,world_indices
171,china,China A50,FTSE China A50,FTXIN9,CNY,additional_indices,world_indices
172,china,S&P/CITIC50,S&P/CITIC50,SPCITIC50,CNY,additional_indices,world_indices
173,china,Shanghai SE A Share,Shanghai SE A Share,SSEA,CNY,additional_indices,world_indices
174,china,SSE 100,SSE 100,SSE100I,CNY,additional_indices,world_indices
175,china,Shanghai SE Corporate Bond,Shanghai SE Corporate Bond,SSECBI,CNY,other_indices,world_indices
176,china,Shanghai SE Treasury Bond,Shanghai SE Treasury Bond,SSEBI,CNY,other_indices,world_indices
177,china,SSE 5-Year Credit Bond,SSE 5-Year Credit Bond,SSE5YCB,CNY,other_indices,world_indices
178,china,S&P/CITIC300,S&P/CITIC300,SPCITIC300,CNY,additional_indices,world_indices
179,china,FTSE China Health Care,FTSE China A 600 - Health Care,FTXIN44000,CNY,other_indices,world_indices
180,china,FTSE China Household Goods,FTSE China A 600 - Household Goods,FTXIN43720,CNY,other_indices,world_indices
181,china,FTSE China H. Goods&Textiles,FTSE China A 600 - Household Goods & Textiles,FTXIN43740,CNY,other_indices,world_indices
182,china,FTSE China,FTSE China,FTWICHNL,CNY,other_indices,world_indices
183,china,FTSE China China,FTSE China China,FTXINC,HKD,other_indices,world_indices
184,china,FTSE China H Share,FTSE China H Share,FTXINH,HKD,other_indices,world_indices
185,china,FTSE Greater China,FTSE Greater China,FTAWGCHIR,USD,other_indices,world_indices
186,china,FTSE Greater China All Cap,FTSE Greater China All Cap,FTGCLMS,USD,other_indices,world_indices
187,china,FTSE Shariah China,FTSE Shariah China,FTSWCHN,USD,other_indices,world_indices
188,china,CITIC Corp Bond,CITIC Corp Bond,CTCBI,CNY,other_indices,world_indices
189,china,FTSE Value Stocks China,FTSE Value Stocks China,FTGPVP002,HKD,other_indices,world_indices
190,china,Shanghai SE 180 Financial,Shanghai SE 180 Financial,SSE180FI,CNY,other_indices,world_indices
191,china,Shanghai SE 50,Shanghai SE 50,SSE50,CNY,other_indices,world_indices
192,china,Shanghai SE B Share,Shanghai SE B Share,SSEB,USD,other_indices,world_indices
193,china,CSI 300,Shanghai Shenzhen CSI 300,CSI300,CNY,other_indices,world_indices
194,china,SME 300 Growth Price,SME 300 Growth Price,SME300GP,CNY,other_indices,world_indices
195,china,SME 300 Value Price,SME 300 Value Price,SME300VP,CNY,other_indices,world_indices
196,china,Shanghai SE 180,Shanghai SE 180,SSE180,CNY,other_indices,world_indices
197,china,Chinext Return,Chinext Return,CHINEXTTR,CNY,other_indices,world_indices
198,china,Chinext Price,Chinext Price,CNT,CNY,other_indices,world_indices
199,china,Chinext Composite,Chinext Composite,CHINEXTC,CNY,other_indices,world_indices
200,china,FTSE China Ind. Engineering,FTSE China A 600 - Industrial Engineering,FTXIN42750,CNY,other_indices,world_indices
201,china,FTSE China Industrial Metal,FTSE China A 600 - Industrial Metal,FTXIN41750,CNY,other_indices,world_indices
202,china,FTSE China Industr Transport,FTSE China A 600 - Industrial Transportation,FTXIN42770,CNY,other_indices,world_indices
203,china,FTSE China Industrials,FTSE China A 600 - Industrials,FTXIN42000,CNY,other_indices,world_indices
204,china,FTSE China Mining,FTSE China A 600 - Mining,FTXIN41770,CNY,other_indices,world_indices
205,china,FTSE China Oil&Gas,FTSE China A 600 - Oil & Gas,FTXIN40001,CNY,other_indices,world_indices
206,china,FTSE China Oil&Gas Producers,FTSE China A 600 - Oil & Gas Producers,FTXIN40530,CNY,other_indices,world_indices
207,china,FTSE China Personal Goods,FTSE China A 600 - Personal Goods,FTXIN43760,CNY,other_indices,world_indices
208,china,FTSE China Pharma&Biotech,FTSE China A 600 - Pharmaceuticals & Biotechnology,FTXIN44570,CNY,other_indices,world_indices
209,china,FTSE China Support Svcs,FTSE China A 600 - Support Services,FTXIN42790,CNY,other_indices,world_indices
210,china,SSE Consumer Commodity,SSE Consumer Commodity,SSECC,CNY,other_indices,world_indices
211,china,SSE Corporate Governance,SSE Corporate Governance,SSECGI,CNY,other_indices,world_indices
212,china,SSE Investment Commodity,SSE Investment Commodity,SSEIC,CNY,other_indices,world_indices
213,china,Chinext 300 Growth,Chinext 300 Growth,SZCH300G,CNY,other_indices,world_indices
214,china,Chinext 300 Value,Chinext 300 Value,SZCH300V,CNY,other_indices,world_indices
215,china,SZSE Responsibility Price,SZSE Responsibility Price,SZSRIP,CNY,primary_sectors,world_indices
216,china,SZSE Research & Development,SZSE Research & Development,SZRDI,CNY,primary_sectors,world_indices
217,china,SZSE Real Estate,SZSE Real Estate,SZREI,CNY,primary_sectors,world_indices
218,china,SZSE Performance,SZSE Performance,SZPI,CNY,primary_sectors,world_indices
219,china,FTSE China Travel&Leisure,FTSE China A 600 - Travel & Leisure,FTXIN45750,CNY,primary_sectors,world_indices
220,china,FTSE China Utilities,FTSE China A 600 - Utilities,FTXIN47000,CNY,primary_sectors,world_indices
221,china,FTSE China BlueChip Value 100,FTSE China Blue Chip Value 100,FTXINBV,CNY,primary_sectors,world_indices
222,china,FTSE China Mobile,FTSE China Mobile,FTXIN46570,CNY,primary_sectors,world_indices
223,china,FTSE China Telecom,FTSE China Telecommunications,FTXIN46000,CNY,primary_sectors,world_indices
224,china,SSE Banks,SSE Banks,SSEBKI,CNY,primary_sectors,world_indices
225,china,FTSE China Tech Hardware&Equip,FTSE China A 600 - Technology Hardware & Equipment,FTXIN49570,CNY,primary_sectors,world_indices
226,china,SSE Commodity Equity,SSE Commodity Equity,SSECE,CNY,primary_sectors,world_indices
227,china,SSE Consumer Staples,SSE Consumer Staples,SSECS,CNY,primary_sectors,world_indices
228,china,SSE Emerging Industries,SSE Emerging Industries,SSEEI,CNY,primary_sectors,world_indices
229,china,SSE Energy,SSE Energy,SSEEN,CNY,primary_sectors,world_indices
230,china,SSE Financials,SSE Financials,SSEFN,CNY,primary_sectors,world_indices
231,china,SSE Health Care,SSE Health Care,SSEHC,CNY,primary_sectors,world_indices
232,china,SSE Industrials,SSE Industrials,SSEIN,CNY,primary_sectors,world_indices
233,china,SSE Consumer Discretionary,SSE Consumer Discretionary,SSECD,CNY,primary_sectors,world_indices
234,china,FTSE China Technology,FTSE China A 600 - Technology,FTXIN49000,CNY,primary_sectors,world_indices
235,china,FTSE China Software&Comp Svcs,FTSE China A 600 - Software & Computer Services,FTXIN49530,CNY,primary_sectors,world_indices
236,china,FTSE China RE Invest&Svcs,FTSE China A 600 - Real Estate Investment & Services,FTXIN48630,CNY,primary_sectors,world_indices
237,china,FTSE China 50 USD,FTSE China 50 USD,FTXIN0USD,USD,major_indices,global_indices
238,china,FTSE China 50 HKD,FTSE China 50 HKD,FXT,HKD,major_indices,global_indices
239,china,MSCI China Net USD,MSCI China Net USD,MICN00000NUS,USD,major_indices,global_indices
240,china,FTSE China Fixed Line TelecommunEUR,FTSE China Fixed Line TelecommunEUR,FTWICHN6530E,EUR,other_indices,global_indices
241,china,SGEX Gold 99.99 Commodity Cash,SGEX Gold 99.99 Commodity Cash,XAU9999=SGEX,CNY,commodities,global_indices
242,china,Shanghai,Shanghai Composite,SSEC,CNY,major_indices,world_indices
243,china,SZSE Component,SZSE Component,SZI,CNY,major_indices,world_indices
244,china,FTSE China Oil Equip Svcs&Dist,FTSE China - Oil Equipment Services & Distribution,FTXIN40570,CNY,primary_sectors,world_indices
245,china,FTSE China Banks,FTSE China A 600 - Banks,FTXIN48350,CNY,primary_sectors,world_indices
246,china,FTSE China Electricity,FTSE China A 600 - Electricity,FTXIN47530,CNY,primary_sectors,world_indices
247,china,FTSE China Financials,FTSE China A 600 - Financials,FTXIN48000,CNY,primary_sectors,world_indices
248,china,FTSE China Gas&Water Utilities,FTSE China A 600 - Gas & Water Multiutilities,FTXIN47570,CNY,primary_sectors,world_indices
249,china,FTSE China General Retailers,FTSE China A 600 - General Retailers,FTXIN45370,CNY,primary_sectors,world_indices
250,china,FTSE China Life Insurance,FTSE China A 600 - Life Insurance,FTXIN48570,CNY,primary_sectors,world_indices
251,china,FTSE China Media,FTSE China A 600 - Media,FTXIN45550,CNY,primary_sectors,world_indices
252,china,SSE Information Technology,SSE Information Technology,SSEINT,CNY,primary_sectors,world_indices
253,china,TR China 50,Thomson Reuters China 50,TRX50CNP,CNY,additional_indices,global_indices
254,china,SSE Materials,SSE Materials,SSEMT,CNY,primary_sectors,world_indices
255,china,SSE Natural Resource,SSE Natural Resource,SSENR,CNY,primary_sectors,world_indices
256,china,SZSE Financials,SZSE Financials,SZFSI,CNY,primary_sectors,world_indices
257,china,SZSE Health Care,SZSE Health Care,SZHCSI,CNY,primary_sectors,world_indices
258,china,SZSE Health Care 50,SZSE Health Care 50,SZHC50,CNY,primary_sectors,world_indices
259,china,SZSE Hotel & Catering,SZSE Hotel & Catering,SZHCI,CNY,primary_sectors,world_indices
260,china,SZSE Individual Businesses Price,SZSE Individual Businesses Price,SZIBIP,CNY,primary_sectors,world_indices
261,china,SZSE Industrials,SZSE Industrials,SZISI,CNY,primary_sectors,world_indices
262,china,SZSE Equipment Manufacturing,SZSE Equipment Manufacturing,SZEMI,CNY,primary_sectors,world_indices
263,china,SZSE Industry Top,SZSE Industry Top,SZITI,CNY,primary_sectors,world_indices
264,china,SZSE Investment Clock,SZSE Investment Clock,SZICI,CNY,primary_sectors,world_indices
265,china,SZSE Manufacturing,SZSE Manufacturing,SZMAI,CNY,primary_sectors,world_indices
266,china,SZSE Materials,SZSE Materials,SZMSI,CNY,primary_sectors,world_indices
267,china,SZSE Media,SZSE Media,SZMEI,CNY,primary_sectors,world_indices
268,china,SZSE Midstream Industry,SZSE Midstream Industry,SZMII,CNY,primary_sectors,world_indices
269,china,SZSE Mining,SZSE Mining,SZMNI,CNY,primary_sectors,world_indices
270,china,SZSE Information Technology,SZSE Information Technology,SZIFI,CNY,primary_sectors,world_indices
271,china,SZSE Environmental Protection,SZSE Environmental Protection,SZEPI,CNY,primary_sectors,world_indices
272,china,SZSE Energy,SZSE Energy,SZESI,CNY,primary_sectors,world_indices
273,china,SZSE Downstream Industry,SZSE Downstream Industry,SZDII,CNY,primary_sectors,world_indices
274,china,SSE New Comp,SSE New Comp,SSECI,CNY,primary_sectors,world_indices
275,china,SSE Telecommunication Services,SSE Telecommunication Services,SSETC,CNY,primary_sectors,world_indices
276,china,SSE Utilities,SSE Utilities,SSEUL,CNY,primary_sectors,world_indices
277,china,SZSE Agriculture,SZSE Agriculture,SZAI,CNY,primary_sectors,world_indices
278,china,SZSE Business Service,SZSE Business Service,SZBSI,CNY,primary_sectors,world_indices
279,china,SZSE Central Company,SZSE Central Company,SZCCIP,CNY,primary_sectors,world_indices
280,china,SZSE Chinext 50,SZSE Chinext 50,SZEXT50,CNY,primary_sectors,world_indices
281,china,SZSE Commodities Producer,SZSE Commodities Producer,SZCPI,CNY,primary_sectors,world_indices
282,china,SZSE Conglomerates,SZSE Conglomerates,SZCOI,CNY,primary_sectors,world_indices
283,china,SZSE Construction,SZSE Construction,SZCSI,CNY,primary_sectors,world_indices
284,china,SZSE Consumer 50,SZSE Consumer 50,SZC50,CNY,primary_sectors,world_indices
285,china,SZSE Consumer Discretionary,SZSE Consumer Discretionary,SZCDSI,CNY,primary_sectors,world_indices
286,china,SZSE Consumer Staples,SZSE Consumer Staples,SZCSSI,CNY,primary_sectors,world_indices
287,china,SZSE Culture,SZSE Culture,SZCI,CNY,primary_sectors,world_indices
288,china,SZSE Defensive 50,SZSE Defensive 50,SZD50,CNY,primary_sectors,world_indices
289,china,SSE Misc Sub,SSE Misc Sub,SSEN,CNY,primary_sectors,world_indices
290,china,FTSE China Fixed Line TelecommunUSD,FTSE China Fixed Line TelecommunUSD,FTWICHN6530U,USD,other_indices,global_indices
291,china,FTSE China Fixed Line TelecommunJPY,FTSE China Fixed Line TelecommunJPY,FTWICHN6530Y,JPY,other_indices,global_indices
292,china,FTSE China Fixed Line TelecommunGBP,FTSE China Fixed Line TelecommunGBP,FTWICHN6530S,GBP,other_indices,global_indices
293,china,FTSE China A50 CNY,FTSE China A50 CNY,FTXIN9C,CNY,other_indices,global_indices
294,china,FTSE China A50 HKD,FTSE China A50 HKD,FTXIN9H,HKD,other_indices,global_indices
295,china,FTSE/Xinhua China A50 Total Return,FTSE/Xinhua China A50 Total Return,TRIXIN9,CNY,other_indices,global_indices
296,china,FTSE China 50 Total Return,FTSE China 50 Total Return,TRIXIN0,HKD,other_indices,global_indices
297,china,FTSE China 50 Mini,FTSE China 50 Mini,FTFXTM,HKD,other_indices,global_indices
298,china,FTSE Intl All-World Regional Indices - Greater Chi,FTSE Intl All-World Regional Indices - Greater China EUR,FTAWGCHIE,EUR,other_indices,global_indices
299,china,FTSE Intl All-World Regional Indices - Greater Chi,FTSE Intl All-World Regional Indices - Greater China JPY,FTAWGCHIY,JPY,other_indices,global_indices
300,china,FTSE Intl All-World Regional Indices - Greater Chi,FTSE Intl All-World Regional Indices - Greater China GBP,FTAWGCHIP,GBP,other_indices,global_indices
301,china,FTSE China A50 USD,FTSE China A50 USD,FTXIN9U,USD,other_indices,global_indices
302,china,FTSE Intl All-World Regional Indices - Greater Chi,FTSE Intl All-World Regional Indices - Greater China USD,FTAWGCHIU,USD,other_indices,global_indices
303,china,FTSE Intl All-World Country Indices - China JPY,FTSE Intl All-World Country Indices - China JPY,FTWICHNY,JPY,other_indices,global_indices
304,china,FTSE Intl All-World Country Indices - China GBP,FTSE Intl All-World Country Indices - China GBP,FTWICHNP,GBP,other_indices,global_indices
305,china,FTSE Mpf Domestic Hong Kong,FTSE Mpf Domestic Hong Kong,TFTGPMPF031H,HKD,other_indices,global_indices
306,china,FTSE China Health Care Equipment & Services Total,FTSE China Health Care Equipment & Services Total Return GBP,TFTWICHN4530S,GBP,other_indices,global_indices
307,china,FTSE MPF China Total Return,FTSE MPF China Total Return,TFTGPMPF030H,HKD,other_indices,global_indices
308,china,FTSE China Support Services Total Return USD,FTSE China Support Services Total Return USD,TFTWICHN2790U,USD,other_indices,global_indices
309,china,FTSE China Mobile Telecommunications Total Return,FTSE China Mobile Telecommunications Total Return GBP,TFTWICHN6570S,GBP,other_indices,global_indices
310,china,FTSE China Food Producers Total Return USD,FTSE China Food Producers Total Return USD,TFTWICHN3570U,USD,other_indices,global_indices
311,china,FTSE Intl All-World Country Indices - China EUR,FTSE Intl All-World Country Indices - China EUR,FTWICHNE,EUR,other_indices,global_indices
312,china,FTSE China Real Estate Investment & Services Total,FTSE China Real Estate Investment & Services Total Return EUR,TFTWICHN8630E,EUR,other_indices,global_indices
313,china,FTSE China 50 Net Tax,FTSE China 50 Net Tax,TRIXIN0N,HKD,other_indices,global_indices
314,china,FTSE China A 200 Total Return CNY,FTSE China A 200 Total Return CNY,TFTXIN3C,CNY,other_indices,global_indices
315,china,FTSE China 200 Oil Equipment Services & Distributi,FTSE China 200 Oil Equipment Services & Distribution HKD,FTXIN30570H,HKD,other_indices,global_indices
316,china,FTSE China 200 Oil & Gas Producers HKD,FTSE China 200 Oil & Gas Producers HKD,FTXIN30530H,HKD,other_indices,global_indices
317,china,FTSE China A50 Shariah,FTSE China A50 Shariah,TRIGPCSSA50,CNY,other_indices,global_indices
318,china,FTSE China A50 CNHUSD Net Total Return,FTSE China A50 CNHUSD Net Total Return,TFTA50CNHNU,USD,other_indices,global_indices
319,china,FTSE Custom China 50 CAD Total Return,FTSE Custom China 50 CAD Total Return,TRIGPBGI028,CAD,other_indices,global_indices
320,china,FTSE China 50 3x Daily Leveraged,FTSE China 50 3x Daily Leveraged,FTXIN0UL3X,USD,other_indices,global_indices
321,china,FTSE China 50 2x Daily Leveraged,FTSE China 50 2x Daily Leveraged,FTXIN0UL2X,USD,other_indices,global_indices
322,china,FTSE China 50 3x Daily Short,FTSE China 50 3x Daily Short,FTXIN0US3X,USD,other_indices,global_indices
323,china,FTSE China A Net Tax,FTSE China A Net Tax,TRIFQCAN,CNY,other_indices,global_indices
324,china,FTSE Custom China 50 CAD,FTSE Custom China 50 CAD,FTGPBGI028,CAD,other_indices,global_indices
325,china,FTSE China 50 Daily Short,FTSE China 50 Daily Short,FTXIN0US1X,USD,other_indices,global_indices
326,china,FTSE China 50 2x Daily Short,FTSE China 50 2x Daily Short,FTXIN0US2X,USD,other_indices,global_indices
327,china,FTSE China A-H 50,FTSE China A-H 50,TRIFCAH50,CNY,other_indices,global_indices
328,china,FTSE Emerging Markets All Cap China A Inclusion Ne,FTSE Emerging Markets All Cap China A Inclusion Net Tax US RIC,TRIFQEACR,USD,other_indices,global_indices
329,china,FTSE Emerging incl China Overseas non-R/QFII GDP W,FTSE Emerging incl China Overseas non-R/QFII GDP Weighted,TRIGDPECO,USD,other_indices,global_indices
330,china,FTSE China 50 Net Tax USD,FTSE China 50 Net Tax USD,TRIXIN0UN,USD,other_indices,global_indices
331,china,FTSE China A 200 Total Return USD,FTSE China A 200 Total Return USD,TFTXIN3U,USD,other_indices,global_indices
332,china,FTSE Emerging incl China Overseas non-R/QFII Total,FTSE Emerging incl China Overseas non-R/QFII Total Return,TRIFQECOQ,USD,other_indices,global_indices
333,china,FTSE Emerging incl China Overseas non-R/QFII Net T,FTSE Emerging incl China Overseas non-R/QFII Net Tax,TRIFQECONQ,USD,other_indices,global_indices
334,china,FTSE China Health Care Equipment & Services Total,FTSE China Health Care Equipment & Services Total Return USD,TFTWICHN4530U,USD,other_indices,global_indices
335,china,FTSE China Alternative Energy Total Return JPY,FTSE China Alternative Energy Total Return JPY,TFTWICHN0580Y,JPY,other_indices,global_indices
336,china,FTSE China Financial Services Total Return GBP,FTSE China Financial Services Total Return GBP,TFTWICHN8770S,GBP,other_indices,global_indices
337,china,FTSE China Support Services Price JPY,FTSE China Support Services Price JPY,FTWICHN2790Y,JPY,other_indices,global_indices
338,china,FTSE China Real Estate Investment & Services Price,FTSE China Real Estate Investment & Services Price JPY,FTWICHN8630Y,JPY,other_indices,global_indices
339,china,FTSE China Real Estate Investment & Services Price,FTSE China Real Estate Investment & Services Price USD,FTWICHN8630U,USD,other_indices,global_indices
340,china,FTSE China Real Estate Investment & Services Price,FTSE China Real Estate Investment & Services Price EUR,FTWICHN8630E,EUR,other_indices,global_indices
341,china,FTSE China Real Estate Investment & Services Price,FTSE China Real Estate Investment & Services Price GBP,FTWICHN8630S,GBP,other_indices,global_indices
342,china,FTSE China Mobile Telecommunications Price JPY,FTSE China Mobile Telecommunications Price JPY,FTWICHN6570Y,JPY,other_indices,global_indices
343,china,FTSE China Mobile Telecommunications Price EUR,FTSE China Mobile Telecommunications Price EUR,FTWICHN6570E,EUR,other_indices,global_indices
344,china,FTSE China Mobile Telecommunications Price USD,FTSE China Mobile Telecommunications Price USD,FTWICHN6570U,USD,other_indices,global_indices
345,china,FTSE China Support Services Price GBP,FTSE China Support Services Price GBP,FTWICHN2790S,GBP,other_indices,global_indices
346,china,FTSE China Mobile Telecommunications Price GBP,FTSE China Mobile Telecommunications Price GBP,FTWICHN6570S,GBP,other_indices,global_indices
347,china,FTSE China Health Care Equipment & Services Price,FTSE China Health Care Equipment & Services Price GBP,FTWICHN4530S,GBP,other_indices,global_indices
348,china,FTSE China Health Care Equipment & Services Price,FTSE China Health Care Equipment & Services Price USD,FTWICHN4530U,USD,other_indices,global_indices
349,china,FTSE China Health Care Equipment & Services Price,FTSE China Health Care Equipment & Services Price EUR,FTWICHN4530E,EUR,other_indices,global_indices
350,china,FTSE China Food Producers Price EUR,FTSE China Food Producers Price EUR,FTWICHN3570E,EUR,other_indices,global_indices
351,china,FTSE China Food Producers Price USD,FTSE China Food Producers Price USD,FTWICHN3570U,USD,other_indices,global_indices
352,china,FTSE China Food Producers Price JPY,FTSE China Food Producers Price JPY,FTWICHN3570Y,JPY,other_indices,global_indices
353,china,FTSE China Food Producers Price GBP,FTSE China Food Producers Price GBP,FTWICHN3570S,GBP,other_indices,global_indices
354,china,FTSE China Financial Services Price JPY,FTSE China Financial Services Price JPY,FTWICHN8770Y,JPY,other_indices,global_indices
355,china,FTSE China Health Care Equipment & Services Price,FTSE China Health Care Equipment & Services Price JPY,FTWICHN4530Y,JPY,other_indices,global_indices
356,china,FTSE China Support Services Price EUR,FTSE China Support Services Price EUR,FTWICHN2790E,EUR,other_indices,global_indices
357,china,FTSE China Support Services Price USD,FTSE China Support Services Price USD,FTWICHN2790U,USD,other_indices,global_indices
358,china,FTSE China Alternative Energy Total Return EUR,FTSE China Alternative Energy Total Return EUR,TFTWICHN0580E,EUR,other_indices,global_indices
359,china,FTSE China Real Estate Investment & Services Total,FTSE China Real Estate Investment & Services Total Return USD,TFTWICHN8630U,USD,other_indices,global_indices
360,china,FTSE China Health Care Equipment & Services Total,FTSE China Health Care Equipment & Services Total Return EUR,TFTWICHN4530E,EUR,other_indices,global_indices
361,china,FTSE China Food Producers Total Return JPY,FTSE China Food Producers Total Return JPY,TFTWICHN3570Y,JPY,other_indices,global_indices
362,china,FTSE China Financial Services Total Return JPY,FTSE China Financial Services Total Return JPY,TFTWICHN8770Y,JPY,other_indices,global_indices
363,china,FTSE China Real Estate Investment & Services Total,FTSE China Real Estate Investment & Services Total Return GBP,TFTWICHN8630S,GBP,other_indices,global_indices
364,china,FTSE China Support Services Total Return JPY,FTSE China Support Services Total Return JPY,TFTWICHN2790Y,JPY,other_indices,global_indices
365,china,FTSE China Financial Services Total Return EUR,FTSE China Financial Services Total Return EUR,TFTWICHN8770E,EUR,other_indices,global_indices
366,china,FTSE China Health Care Equipment & Services Total,FTSE China Health Care Equipment & Services Total Return JPY,TFTWICHN4530Y,JPY,other_indices,global_indices
367,china,FTSE China Alternative Energy Total Return USD,FTSE China Alternative Energy Total Return USD,TFTWICHN0580U,USD,other_indices,global_indices
368,china,FTSE China Alternative Energy Total Return GBP,FTSE China Alternative Energy Total Return GBP,TFTWICHN0580S,GBP,other_indices,global_indices
369,china,FTSE China Mobile Telecommunications Total Return,FTSE China Mobile Telecommunications Total Return EUR,TFTWICHN6570E,EUR,other_indices,global_indices
370,china,FTSE China Food Producers Total Return EUR,FTSE China Food Producers Total Return EUR,TFTWICHN3570E,EUR,other_indices,global_indices
371,china,FTSE China Mobile Telecommunications Total Return,FTSE China Mobile Telecommunications Total Return JPY,TFTWICHN6570Y,JPY,other_indices,global_indices
372,china,FTSE China Support Services Total Return GBP,FTSE China Support Services Total Return GBP,TFTWICHN2790S,GBP,other_indices,global_indices
373,china,FTSE China Support Services Total Return EUR,FTSE China Support Services Total Return EUR,TFTWICHN2790E,EUR,other_indices,global_indices
374,china,FTSE China Mobile Telecommunications Total Return,FTSE China Mobile Telecommunications Total Return USD,TFTWICHN6570U,USD,other_indices,global_indices
375,china,FTSE China Food Producers Total Return GBP,FTSE China Food Producers Total Return GBP,TFTWICHN3570S,GBP,other_indices,global_indices
376,china,FTSE China Financial Services Total Return USD,FTSE China Financial Services Total Return USD,TFTWICHN8770U,USD,other_indices,global_indices
377,china,FTSE China Real Estate Investment & Services Total,FTSE China Real Estate Investment & Services Total Return JPY,TFTWICHN8630Y,JPY,other_indices,global_indices
378,china,FTSE China 200 Chemicals HKD,FTSE China 200 Chemicals HKD,FTXIN31350H,HKD,other_indices,global_indices
379,china,FTSE China 200 Industrial Metals HKD,FTSE China 200 Industrial Metals HKD,FTXIN31750H,HKD,other_indices,global_indices
380,china,FTSE China 200 Mining HKD,FTSE China 200 Mining HKD,FTXIN31770H,HKD,other_indices,global_indices
381,china,FTSE China 200 Construction & Materials HKD,FTSE China 200 Construction & Materials HKD,FTXIN32350H,HKD,other_indices,global_indices
382,china,FTSE China 200 Beverages USD,FTSE China 200 Beverages USD,FTXIN33530U,USD,other_indices,global_indices
383,china,FTSE China 200 Automobiles & Parts USD,FTSE China 200 Automobiles & Parts USD,FTXIN33350U,USD,other_indices,global_indices
384,china,FTSE China 200 Industrial Transportation USD,FTSE China 200 Industrial Transportation USD,FTXIN32770U,USD,other_indices,global_indices
385,china,FTSE China 200 Industrial Engineering USD,FTSE China 200 Industrial Engineering USD,FTXIN32750U,USD,other_indices,global_indices
386,china,FTSE China 200 Electronic & Electrical Equipment U,FTSE China 200 Electronic & Electrical Equipment USD,FTXIN32730U,USD,other_indices,global_indices
387,china,FTSE China 200 General Industrials USD,FTSE China 200 General Industrials USD,FTXIN32720U,USD,other_indices,global_indices
388,china,FTSE China 200 Aerospace & Defence USD,FTSE China 200 Aerospace & Defence USD,FTXIN32710U,USD,other_indices,global_indices
389,china,FTSE China 200 Construction & Materials USD,FTSE China 200 Construction & Materials USD,FTXIN32350U,USD,other_indices,global_indices
390,china,FTSE China 200 Food Producers USD,FTSE China 200 Food Producers USD,FTXIN33570U,USD,other_indices,global_indices
391,china,FTSE China 200 Mining USD,FTSE China 200 Mining USD,FTXIN31770U,USD,other_indices,global_indices
392,china,FTSE China 200 Chemicals USD,FTSE China 200 Chemicals USD,FTXIN31350U,USD,other_indices,global_indices
393,china,FTSE China 200 Oil Equipment Services & Distributi,FTSE China 200 Oil Equipment Services & Distribution USD,FTXIN30570U,USD,other_indices,global_indices
394,china,FTSE China 200 Oil & Gas Producers USD,FTSE China 200 Oil & Gas Producers USD,FTXIN30530U,USD,other_indices,global_indices
395,china,FTSE China 200 Technology Hardware & Equipment CNY,FTSE China 200 Technology Hardware & Equipment CNY,FTXIN39570C,CNY,other_indices,global_indices
396,china,FTSE China 200 Software and Computer Services CNY,FTSE China 200 Software and Computer Services CNY,FTXIN39530C,CNY,other_indices,global_indices
397,china,FTSE China 200 General Financial CNY,FTSE China 200 General Financial CNY,FTXIN38770C,CNY,other_indices,global_indices
398,china,FTSE China 200 Life Insurance CNY,FTSE China 200 Life Insurance CNY,FTXIN38570C,CNY,other_indices,global_indices
399,china,FTSE China 200 Banks CNY,FTSE China 200 Banks CNY,FTXIN38350C,CNY,other_indices,global_indices
400,china,FTSE China 200 Industrial Metals USD,FTSE China 200 Industrial Metals USD,FTXIN31750U,USD,other_indices,global_indices
401,china,FTSE China 200 Household Goods USD,FTSE China 200 Household Goods USD,FTXIN33720U,USD,other_indices,global_indices
402,china,FTSE China 200 Leisure Goods USD,FTSE China 200 Leisure Goods USD,FTXIN33740U,USD,other_indices,global_indices
403,china,FTSE China 200 Personal Goods USD,FTSE China 200 Personal Goods USD,FTXIN33760U,USD,other_indices,global_indices
404,china,MSCI China A Onshore Price CNY,MSCI China A Onshore Price CNY,MICNA0000PCN,CNY,other_indices,global_indices
405,china,MSCI China A International Pr USD,MSCI China A International Pr USD,MICNA0000PUS,USD,other_indices,global_indices
406,china,FTSE China 200 Real Estate Investment and Services,FTSE China 200 Real Estate Investment and Services CNY,FTXIN38630C,CNY,other_indices,global_indices
407,china,FTSE China 200 Alternate Energy HKD,FTSE China 200 Alternate Energy HKD,FTXIN30580H,HKD,other_indices,global_indices
408,china,FTSE China 200 Real Estate Investment and Services,FTSE China 200 Real Estate Investment and Services HKD,FTXIN38630H,HKD,other_indices,global_indices
409,china,FTSE China 200 Real Estate Investment and Services,FTSE China 200 Real Estate Investment and Services USD,FTXIN38630U,USD,other_indices,global_indices
410,china,FTSE China 200 Alternate Energy USD,FTSE China 200 Alternate Energy USD,FTXIN30580U,USD,other_indices,global_indices
411,china,FTSE China 200 Alternate Energy CNY,FTSE China 200 Alternate Energy CNY,FTXIN30580C,CNY,other_indices,global_indices
412,china,FTSE China 200 General Financial USD,FTSE China 200 General Financial USD,FTXIN38770U,USD,other_indices,global_indices
413,china,FTSE China 200 Banks USD,FTSE China 200 Banks USD,FTXIN38350U,USD,other_indices,global_indices
414,china,FTSE China 200 Electricity USD,FTSE China 200 Electricity USD,FTXIN37530U,USD,other_indices,global_indices
415,china,FTSE China 200 Pharmaceuticals & Biotechnology USD,FTSE China 200 Pharmaceuticals & Biotechnology USD,FTXIN34570U,USD,other_indices,global_indices
416,china,FTSE China 200 Technology Hardware & Equipment USD,FTSE China 200 Technology Hardware & Equipment USD,FTXIN39570U,USD,other_indices,global_indices
417,china,FTSE China 200 Software and Computer Services USD,FTSE China 200 Software and Computer Services USD,FTXIN39530U,USD,other_indices,global_indices
418,china,FTSE China 200 Life Insurance USD,FTSE China 200 Life Insurance USD,FTXIN38570U,USD,other_indices,global_indices
419,china,FTSE China 200 Mobile Telecommunication USD,FTSE China 200 Mobile Telecommunication USD,FTXIN36570U,USD,other_indices,global_indices
420,china,FTSE China 200 Travel & Leisure USD,FTSE China 200 Travel & Leisure USD,FTXIN35750U,USD,other_indices,global_indices
421,china,FTSE China 200 Media USD,FTSE China 200 Media USD,FTXIN35550U,USD,other_indices,global_indices
422,china,FTSE China 200 General Retailers USD,FTSE China 200 General Retailers USD,FTXIN35370U,USD,other_indices,global_indices
423,china,FTSE China 200 Electricity CNY,FTSE China 200 Electricity CNY,FTXIN37530C,CNY,other_indices,global_indices
424,china,FTSE China Financial Services Price USD,FTSE China Financial Services Price USD,FTWICHN8770U,USD,other_indices,global_indices
425,china,FTSE China 200 Mobile Telecommunication CNY,FTSE China 200 Mobile Telecommunication CNY,FTXIN36570C,CNY,other_indices,global_indices
426,china,FTSE China 200 Media CNY,FTSE China 200 Media CNY,FTXIN35550C,CNY,other_indices,global_indices
427,china,FTSE China 200 Oil & Gas Producers CNY,FTSE China 200 Oil & Gas Producers CNY,FTXIN30530C,CNY,other_indices,global_indices
428,china,FTSE China 200 Life Insurance HKD,FTSE China 200 Life Insurance HKD,FTXIN38570H,HKD,other_indices,global_indices
429,china,FTSE China 200 Mobile Telecommunication HKD,FTSE China 200 Mobile Telecommunication HKD,FTXIN36570H,HKD,other_indices,global_indices
430,china,FTSE China 200 Travel & Leisure HKD,FTSE China 200 Travel & Leisure HKD,FTXIN35750H,HKD,other_indices,global_indices
431,china,FTSE China 200 Media HKD,FTSE China 200 Media HKD,FTXIN35550H,HKD,other_indices,global_indices
432,china,FTSE China 200 General Retailers HKD,FTSE China 200 General Retailers HKD,FTXIN35370H,HKD,other_indices,global_indices
433,china,FTSE China 200 Pharmaceuticals & Biotechnology HKD,FTSE China 200 Pharmaceuticals & Biotechnology HKD,FTXIN34570H,HKD,other_indices,global_indices
434,china,FTSE China 200 Personal Goods HKD,FTSE China 200 Personal Goods HKD,FTXIN33760H,HKD,other_indices,global_indices
435,china,FTSE China 200 Chemicals CNY,FTSE China 200 Chemicals CNY,FTXIN31350C,CNY,other_indices,global_indices
436,china,FTSE China 200 Leisure Goods HKD,FTSE China 200 Leisure Goods HKD,FTXIN33740H,HKD,other_indices,global_indices
437,china,FTSE China 200 Food Producers HKD,FTSE China 200 Food Producers HKD,FTXIN33570H,HKD,other_indices,global_indices
438,china,FTSE China 200 Beverages HKD,FTSE China 200 Beverages HKD,FTXIN33530H,HKD,other_indices,global_indices
439,china,FTSE China 200 Automobiles & Parts HKD,FTSE China 200 Automobiles & Parts HKD,FTXIN33350H,HKD,other_indices,global_indices
440,china,FTSE China 200 Industrial Transportation HKD,FTSE China 200 Industrial Transportation HKD,FTXIN32770H,HKD,other_indices,global_indices
441,china,FTSE China 200 Industrial Engineering HKD,FTSE China 200 Industrial Engineering HKD,FTXIN32750H,HKD,other_indices,global_indices
442,china,FTSE China 200 Electronic & Electrical Equipment H,FTSE China 200 Electronic & Electrical Equipment HKD,FTXIN32730H,HKD,other_indices,global_indices
443,china,FTSE China 200 General Industrials HKD,FTSE China 200 General Industrials HKD,FTXIN32720H,HKD,other_indices,global_indices
444,china,FTSE China 200 Aerospace & Defence HKD,FTSE China 200 Aerospace & Defence HKD,FTXIN32710H,HKD,other_indices,global_indices
445,china,FTSE China 200 Household Goods HKD,FTSE China 200 Household Goods HKD,FTXIN33720H,HKD,other_indices,global_indices
446,china,FTSE China 200 Industrial Metals CNY,FTSE China 200 Industrial Metals CNY,FTXIN31750C,CNY,other_indices,global_indices
447,china,FTSE China 200 Mining CNY,FTSE China 200 Mining CNY,FTXIN31770C,CNY,other_indices,global_indices
448,china,FTSE China 200 Aerospace & Defence CNY,FTSE China 200 Aerospace & Defence CNY,FTXIN32710C,CNY,other_indices,global_indices
449,china,FTSE China 200 General Retailers CNY,FTSE China 200 General Retailers CNY,FTXIN35370C,CNY,other_indices,global_indices
450,china,FTSE China 200 Pharmaceuticals & Biotechnology CNY,FTSE China 200 Pharmaceuticals & Biotechnology CNY,FTXIN34570C,CNY,other_indices,global_indices
451,china,FTSE China 200 Personal Goods CNY,FTSE China 200 Personal Goods CNY,FTXIN33760C,CNY,other_indices,global_indices
452,china,FTSE China 200 Leisure Goods CNY,FTSE China 200 Leisure Goods CNY,FTXIN33740C,CNY,other_indices,global_indices
453,china,FTSE China 200 Household Goods CNY,FTSE China 200 Household Goods CNY,FTXIN33720C,CNY,other_indices,global_indices
454,china,FTSE China 200 Food Producers CNY,FTSE China 200 Food Producers CNY,FTXIN33570C,CNY,other_indices,global_indices
455,china,FTSE China 200 Beverages CNY,FTSE China 200 Beverages CNY,FTXIN33530C,CNY,other_indices,global_indices
456,china,FTSE China 200 Automobiles & Parts CNY,FTSE China 200 Automobiles & Parts CNY,FTXIN33350C,CNY,other_indices,global_indices
457,china,FTSE China 200 Industrial Transportation CNY,FTSE China 200 Industrial Transportation CNY,FTXIN32770C,CNY,other_indices,global_indices
458,china,FTSE China 200 Industrial Engineering CNY,FTSE China 200 Industrial Engineering CNY,FTXIN32750C,CNY,other_indices,global_indices
459,china,FTSE China 200 Construction & Materials CNY,FTSE China 200 Construction & Materials CNY,FTXIN32350C,CNY,other_indices,global_indices
460,china,FTSE China 200 Oil Equipment Services & Distributi,FTSE China 200 Oil Equipment Services & Distribution CNY,FTXIN30570C,CNY,other_indices,global_indices
461,china,FTSE China 200 Technology Hardware & Equipment HKD,FTSE China 200 Technology Hardware & Equipment HKD,FTXIN39570H,HKD,other_indices,global_indices
462,china,FTSE China 200 Software and Computer Services HKD,FTSE China 200 Software and Computer Services HKD,FTXIN39530H,HKD,other_indices,global_indices
463,china,FTSE China 200 General Financial HKD,FTSE China 200 General Financial HKD,FTXIN38770H,HKD,other_indices,global_indices
464,china,FTSE China 200 Banks HKD,FTSE China 200 Banks HKD,FTXIN38350H,HKD,other_indices,global_indices
465,china,FTSE China 200 Electricity HKD,FTSE China 200 Electricity HKD,FTXIN37530H,HKD,other_indices,global_indices
466,china,FTSE China 200 Electronic & Electrical Equipment C,FTSE China 200 Electronic & Electrical Equipment CNY,FTXIN32730C,CNY,other_indices,global_indices
467,china,FTSE China 200 General Industrials CNY,FTSE China 200 General Industrials CNY,FTXIN32720C,CNY,other_indices,global_indices
468,china,FTSE China 200 Travel & Leisure CNY,FTSE China 200 Travel & Leisure CNY,FTXIN35750C,CNY,other_indices,global_indices
469,china,FTSE China Financial Services Price EUR,FTSE China Financial Services Price EUR,FTWICHN8770E,EUR,other_indices,global_indices
470,china,FTSE China Financial Services Price GBP,FTSE China Financial Services Price GBP,FTWICHN8770S,GBP,other_indices,global_indices
471,china,FTSE China Alternative Energy Price USD,FTSE China Alternative Energy Price USD,FTWICHN0580U,USD,other_indices,global_indices
472,china,FTSE China Oil Equipment Servi JPY,FTSE China Oil Equipment Servi JPY,FTWICHN0570Y,JPY,other_indices,global_indices
473,china,FTSE China Oil Equipment Servi USD,FTSE China Oil Equipment Servi USD,FTWICHN0570U,USD,other_indices,global_indices
474,china,FTSE China Oil Equipment Servi EUR,FTSE China Oil Equipment Servi EUR,FTWICHN0570E,EUR,other_indices,global_indices
475,china,FTSE China Oil Gas Producers GBP,FTSE China Oil Gas Producers GBP,FTWICHN0530S,GBP,other_indices,global_indices
476,china,FTSE China Oil Gas Producers JPY,FTSE China Oil Gas Producers JPY,FTWICHN0530Y,JPY,other_indices,global_indices
477,china,FTSE China Oil Gas Producers USD,FTSE China Oil Gas Producers USD,FTWICHN0530U,USD,other_indices,global_indices
478,china,SME-Chinext 400,SME-Chinext 400,SZSC400,CNY,other_indices,world_indices
479,china,FTSE China Oil Gas GBP,FTSE China Oil Gas GBP,FTWICHN0001S,GBP,other_indices,global_indices
480,china,FTSE China Oil Equipment Servi GBP,FTSE China Oil Equipment Servi GBP,FTWICHN0570S,GBP,other_indices,global_indices
481,china,FTSE China Oil Gas JPY,FTSE China Oil Gas JPY,FTWICHN0001Y,JPY,other_indices,global_indices
482,china,FTSE China Oil Gas EUR,FTSE China Oil Gas EUR,FTWICHN0001E,EUR,other_indices,global_indices
483,china,FTSE China Nonlife Insurance GBP,FTSE China Nonlife Insurance GBP,FTWICHN8530S,GBP,other_indices,global_indices
484,china,FTSE China Nonlife Insurance JPY,FTSE China Nonlife Insurance JPY,FTWICHN8530Y,JPY,other_indices,global_indices
485,china,FTSE China Nonlife Insurance USD,FTSE China Nonlife Insurance USD,FTWICHN8530U,USD,other_indices,global_indices
486,china,FTSE China Nonlife Insurance EUR,FTSE China Nonlife Insurance EUR,FTWICHN8530E,EUR,other_indices,global_indices
487,china,FTSE China Mining GBP,FTSE China Mining GBP,FTWICHN1770S,GBP,other_indices,global_indices
488,china,FTSE China Mining JPY,FTSE China Mining JPY,FTWICHN1770Y,JPY,other_indices,global_indices
489,china,FTSE China Mining USD,FTSE China Mining USD,FTWICHN1770U,USD,other_indices,global_indices
490,china,FTSE China Oil Gas USD,FTSE China Oil Gas USD,FTWICHN0001U,USD,other_indices,global_indices
491,china,FTSE China Personal Goods EUR,FTSE China Personal Goods EUR,FTWICHN3760E,EUR,other_indices,global_indices
492,china,FTSE China Personal Goods USD,FTSE China Personal Goods USD,FTWICHN3760U,USD,other_indices,global_indices
493,china,FTSE China Personal Goods JPY,FTSE China Personal Goods JPY,FTWICHN3760Y,JPY,other_indices,global_indices
494,china,FTSE China Telecommunication USD,FTSE China Telecommunication USD,FTWICHN6000U,USD,other_indices,global_indices
495,china,FTSE China Telecommunication EUR,FTSE China Telecommunication EUR,FTWICHN6000E,EUR,other_indices,global_indices
496,china,FTSE China Technology Hardware  GBP,FTSE China Technology Hardware  GBP,FTWICHN9570S,GBP,other_indices,global_indices
497,china,FTSE China Technology Hardware  JPY,FTSE China Technology Hardware  JPY,FTWICHN9570Y,JPY,other_indices,global_indices
498,china,FTSE China Technology Hardware  USD,FTSE China Technology Hardware  USD,FTWICHN9570U,USD,other_indices,global_indices
499,china,FTSE China Technology Hardware  EUR,FTSE China Technology Hardware  EUR,FTWICHN9570E,EUR,other_indices,global_indices
500,china,FTSE China Technology GBP,FTSE China Technology GBP,FTWICHN9000S,GBP,other_indices,global_indices
501,china,FTSE China Technology JPY,FTSE China Technology JPY,FTWICHN9000Y,JPY,other_indices,global_indices
502,china,FTSE China Technology USD,FTSE China Technology USD,FTWICHN9000U,USD,other_indices,global_indices
503,china,FTSE China Technology EUR,FTSE China Technology EUR,FTWICHN9000E,EUR,other_indices,global_indices
504,china,FTSE China Software Computer S GBP,FTSE China Software Computer S GBP,FTWICHN9530S,GBP,other_indices,global_indices
505,china,FTSE China Software Computer S JPY,FTSE China Software Computer S JPY,FTWICHN9530Y,JPY,other_indices,global_indices
506,china,FTSE China Software Computer S USD,FTSE China Software Computer S USD,FTWICHN9530U,USD,other_indices,global_indices
507,china,FTSE China Software Computer S EUR,FTSE China Software Computer S EUR,FTWICHN9530E,EUR,other_indices,global_indices
508,china,FTSE China Pharmaceuticals Bio GBP,FTSE China Pharmaceuticals Bio GBP,FTWICHN4570S,GBP,other_indices,global_indices
509,china,FTSE China Pharmaceuticals Bio JPY,FTSE China Pharmaceuticals Bio JPY,FTWICHN4570Y,JPY,other_indices,global_indices
510,china,FTSE China Pharmaceuticals Bio USD,FTSE China Pharmaceuticals Bio USD,FTWICHN4570U,USD,other_indices,global_indices
511,china,FTSE China Pharmaceuticals Bio EUR,FTSE China Pharmaceuticals Bio EUR,FTWICHN4570E,EUR,other_indices,global_indices
512,china,FTSE China Personal Goods GBP,FTSE China Personal Goods GBP,FTWICHN3760S,GBP,other_indices,global_indices
513,china,FTSE China Mining EUR,FTSE China Mining EUR,FTWICHN1770E,EUR,other_indices,global_indices
514,china,FTSE China Telecommunication JPY,FTSE China Telecommunication JPY,FTWICHN6000Y,JPY,other_indices,global_indices
515,china,FTSE China Life Insurance GBP,FTSE China Life Insurance GBP,FTWICHN8570S,GBP,other_indices,global_indices
516,china,FTSE China Life Insurance USD,FTSE China Life Insurance USD,FTWICHN8570U,USD,other_indices,global_indices
517,china,FTSE China Health Care USD,FTSE China Health Care USD,FTWICHN4000U,USD,other_indices,global_indices
518,china,FTSE China Health Care EUR,FTSE China Health Care EUR,FTWICHN4000E,EUR,other_indices,global_indices
519,china,FTSE China General Retailers GBP,FTSE China General Retailers GBP,FTWICHN5370S,GBP,other_indices,global_indices
520,china,FTSE China General Retailers JPY,FTSE China General Retailers JPY,FTWICHN5370Y,JPY,other_indices,global_indices
521,china,FTSE China General Retailers USD,FTSE China General Retailers USD,FTWICHN5370U,USD,other_indices,global_indices
522,china,FTSE China General Retailers EUR,FTSE China General Retailers EUR,FTWICHN5370E,EUR,other_indices,global_indices
523,china,FTSE China General Industrials GBP,FTSE China General Industrials GBP,FTWICHN2720S,GBP,other_indices,global_indices
524,china,FTSE China General Industrials JPY,FTSE China General Industrials JPY,FTWICHN2720Y,JPY,other_indices,global_indices
525,china,FTSE China Health Care JPY,FTSE China Health Care JPY,FTWICHN4000Y,JPY,other_indices,global_indices
526,china,FTSE China General Industrials USD,FTSE China General Industrials USD,FTWICHN2720U,USD,other_indices,global_indices
527,china,FTSE China Gas Water Multiutil GBP,FTSE China Gas Water Multiutil GBP,FTWICHN7570S,GBP,other_indices,global_indices
528,china,FTSE China Gas Water Multiutil JPY,FTSE China Gas Water Multiutil JPY,FTWICHN7570Y,JPY,other_indices,global_indices
529,china,FTSE China Gas Water Multiutil USD,FTSE China Gas Water Multiutil USD,FTWICHN7570U,USD,other_indices,global_indices
530,china,FTSE China Gas Water Multiutil EUR,FTSE China Gas Water Multiutil EUR,FTWICHN7570E,EUR,other_indices,global_indices
531,china,FTSE China Forestry Paper GBP,FTSE China Forestry Paper GBP,FTWICHN1730S,GBP,other_indices,global_indices
532,china,FTSE China Forestry Paper JPY,FTSE China Forestry Paper JPY,FTWICHN1730Y,JPY,other_indices,global_indices
533,china,FTSE China Forestry Paper USD,FTSE China Forestry Paper USD,FTWICHN1730U,USD,other_indices,global_indices
534,china,FTSE China Forestry Paper EUR,FTSE China Forestry Paper EUR,FTWICHN1730E,EUR,other_indices,global_indices
535,china,FTSE China General Industrials EUR,FTSE China General Industrials EUR,FTWICHN2720E,EUR,other_indices,global_indices
536,china,FTSE China Health Care GBP,FTSE China Health Care GBP,FTWICHN4000S,GBP,other_indices,global_indices
537,china,FTSE China Household Goods EUR,FTSE China Household Goods EUR,FTWICHN3720E,EUR,other_indices,global_indices
538,china,FTSE China Household Goods USD,FTSE China Household Goods USD,FTWICHN3720U,USD,other_indices,global_indices
539,china,FTSE China Life Insurance EUR,FTSE China Life Insurance EUR,FTWICHN8570E,EUR,other_indices,global_indices
540,china,FTSE China Industrials GBP,FTSE China Industrials GBP,FTWICHN2000S,GBP,other_indices,global_indices
541,china,FTSE China Industrials JPY,FTSE China Industrials JPY,FTWICHN2000Y,JPY,other_indices,global_indices
542,china,FTSE China Industrials USD,FTSE China Industrials USD,FTWICHN2000U,USD,other_indices,global_indices
543,china,FTSE China Industrials EUR,FTSE China Industrials EUR,FTWICHN2000E,EUR,other_indices,global_indices
544,china,FTSE China Industrial TransportaGBP,FTSE China Industrial TransportaGBP,FTWICHN2770S,GBP,other_indices,global_indices
545,china,FTSE China Industrial TransportaJPY,FTSE China Industrial TransportaJPY,FTWICHN2770Y,JPY,other_indices,global_indices
546,china,FTSE China Industrial TransportaUSD,FTSE China Industrial TransportaUSD,FTWICHN2770U,USD,other_indices,global_indices
547,china,FTSE China Industrial TransportaEUR,FTSE China Industrial TransportaEUR,FTWICHN2770E,EUR,other_indices,global_indices
548,china,FTSE China Industrial Metals GBP,FTSE China Industrial Metals GBP,FTWICHN1750S,GBP,other_indices,global_indices
549,china,FTSE China Industrial Metals JPY,FTSE China Industrial Metals JPY,FTWICHN1750Y,JPY,other_indices,global_indices
550,china,FTSE China Industrial Metals USD,FTSE China Industrial Metals USD,FTWICHN1750U,USD,other_indices,global_indices
551,china,FTSE China Industrial Metals EUR,FTSE China Industrial Metals EUR,FTWICHN1750E,EUR,other_indices,global_indices
552,china,FTSE China Industrial Engineerin GBP,FTSE China Industrial Engineerin GBP,FTWICHN2750S,GBP,other_indices,global_indices
553,china,FTSE China Industrial Engineerin JPY,FTSE China Industrial Engineerin JPY,FTWICHN2750Y,JPY,other_indices,global_indices
554,china,FTSE China Industrial Engineerin USD,FTSE China Industrial Engineerin USD,FTWICHN2750U,USD,other_indices,global_indices
555,china,FTSE China Industrial Engineerin EUR,FTSE China Industrial Engineerin EUR,FTWICHN2750E,EUR,other_indices,global_indices
556,china,FTSE China Household Goods GBP,FTSE China Household Goods GBP,FTWICHN3720S,GBP,other_indices,global_indices
557,china,FTSE China Household Goods JPY,FTSE China Household Goods JPY,FTWICHN3720Y,JPY,other_indices,global_indices
558,china,FTSE China Life Insurance JPY,FTSE China Life Insurance JPY,FTWICHN8570Y,JPY,other_indices,global_indices
559,china,SME-Chinext 100 Price,SME-Chinext 100 Price,SZSC100P,CNY,other_indices,world_indices
560,china,FTSE China Telecommunication GBP,FTSE China Telecommunication GBP,FTWICHN6000S,GBP,other_indices,global_indices
561,china,FTSE China Travel Leisure USD,FTSE China Travel Leisure USD,FTWICHN5750U,USD,other_indices,global_indices
562,china,FTSE Greater China Total Return GBP,FTSE Greater China Total Return GBP,TFTAWGCHIS,GBP,other_indices,global_indices
563,china,FTSE Greater China Total Return JPY,FTSE Greater China Total Return JPY,TFTAWGCHIY,JPY,other_indices,global_indices
564,china,FTSE China A 200 Composite,FTSE China A 200 Composite,FTFXC200B,CNY,other_indices,global_indices
565,china,FTSE Greater China Small Cap YEN,FTSE Greater China Small Cap YEN,FTSCGCHIY,JPY,other_indices,global_indices
566,china,FTSE Greater China Small Cap EURO,FTSE Greater China Small Cap EURO,FTSCGCHIE,EUR,other_indices,global_indices
567,china,FTSE Greater China Small Cap GBP,FTSE Greater China Small Cap GBP,FTSCGCHIS,GBP,other_indices,global_indices
568,china,FTSE GREATER CHINA SMALL CAP USD,FTSE GREATER CHINA SMALL CAP USD,FTSCGCHIU,USD,other_indices,global_indices
569,china,FTSE AW China Total Return JPY,FTSE AW China Total Return JPY,TFTWICHNY,JPY,other_indices,global_indices
570,china,FTSE Greater China Total Return USD,FTSE Greater China Total Return USD,TFTAWGCHIU,USD,other_indices,global_indices
571,china,FTSE AW China Total Return GBP,FTSE AW China Total Return GBP,TFTWICHNS,GBP,other_indices,global_indices
572,china,FTSE AW China Total Return EUR,FTSE AW China Total Return EUR,TFTWICHNE,EUR,other_indices,global_indices
573,china,FTSE Global Equity Series Wi China EURO,FTSE Global Equity Series Wi China EURO,FTSCHNE,EUR,other_indices,global_indices
574,china,FTSE Global Equity Series Wi China YEN,FTSE Global Equity Series Wi China YEN,FTSCHNY,JPY,other_indices,global_indices
575,china,FTSE Intl All-World Country Indices - China USD,FTSE Intl All-World Country Indices - China USD,FTWICHNU,USD,other_indices,global_indices
576,china,FTSE Global Equity Series Wi China GBP,FTSE Global Equity Series Wi China GBP,FTSCHNS,GBP,other_indices,global_indices
577,china,FTSE CHINA SMALL CAP USD,FTSE CHINA SMALL CAP USD,FTSCHNU,USD,other_indices,global_indices
578,china,FTSE China 50,FTSE China 50,FTXIN0H,HKD,other_indices,global_indices
579,china,FTSE China HY150 TR HKD,FTSE China HY150 TR HKD,TFTXH150H,HKD,other_indices,global_indices
580,china,FTSE AW China Total Return USD,FTSE AW China Total Return USD,TFTWICHNU,USD,other_indices,global_indices
581,china,FTSE Greater China Total Return EUR,FTSE Greater China Total Return EUR,TFTAWGCHIE,EUR,other_indices,global_indices
582,china,FTSE Global All Cap ex Canada China A Inclusion Ne,FTSE Global All Cap ex Canada China A Inclusion Net Tax PR,FTFQACXCNC,CAD,other_indices,global_indices
583,china,FT V China A TR,FT V China A TR,TFTGPVP009H,HKD,other_indices,global_indices
584,china,FTSE China Alternative Energy Price EUR,FTSE China Alternative Energy Price EUR,FTWICHN0580E,EUR,other_indices,global_indices
585,china,FTSE China Alternative Energy Price GBP,FTSE China Alternative Energy Price GBP,FTWICHN0580S,GBP,other_indices,global_indices
586,china,FTSE China Alternative Energy Price JPY,FTSE China Alternative Energy Price JPY,FTWICHN0580Y,JPY,other_indices,global_indices
587,china,FTSE RAFI Hong Kong/China 80 - QSR GBP TR,FTSE RAFI Hong Kong/China 80 - QSR GBP TR,TFTFRHKC80QS,GBP,other_indices,global_indices
588,china,FTSE RAFI Hong Kong/China 80 - QSR AUD TR,FTSE RAFI Hong Kong/China 80 - QSR AUD TR,TFTFRHKC80QA,AUD,other_indices,global_indices
589,china,FTSE RAFI Hong Kong/China 80 - QSR CAD TR,FTSE RAFI Hong Kong/China 80 - QSR CAD TR,TFTFRHKC80QCAD,CAD,other_indices,global_indices
590,china,FTSE RAFI Hong Kong/China 80 - QSR CHF PR,FTSE RAFI Hong Kong/China 80 - QSR CHF PR,FTFRHKC80QSF,CHF,other_indices,global_indices
591,china,FTSE RAFI Hong Kong/China 80 - QSR JPY TR,FTSE RAFI Hong Kong/China 80 - QSR JPY TR,TFTFRHKC80QY,JPY,other_indices,global_indices
592,china,FTSE RAFI Hong Kong/China 80 - QSR EUR TR,FTSE RAFI Hong Kong/China 80 - QSR EUR TR,TFTFRHKC80QE,EUR,other_indices,global_indices
593,china,FTSE RAFI Hong Kong/China 80 - QSR USD TR,FTSE RAFI Hong Kong/China 80 - QSR USD TR,TFTFRHKC80QU,USD,other_indices,global_indices
594,china,FTSE RAFI Hong Kong/China 80 - QSR CAD PR,FTSE RAFI Hong Kong/China 80 - QSR CAD PR,FTFRHKC80QCAD,CAD,other_indices,global_indices
595,china,FTSE RAFI Hong Kong/China 80 - QSR CHF TR,FTSE RAFI Hong Kong/China 80 - QSR CHF TR,TFTFRHKC80QSF,CHF,other_indices,global_indices
596,china,FTSE China 50 NET,FTSE China 50 NET,FTGPDEU003U,USD,other_indices,global_indices
597,china,FTSE Global All Cap ex Canada China A Inclusion Ne,FTSE Global All Cap ex Canada China A Inclusion Net Tax CAD TR,TFTFQACXCNC,CAD,other_indices,global_indices
598,china,FTSE RAFI Hong Kong/China 80 - QSR USD PR,FTSE RAFI Hong Kong/China 80 - QSR USD PR,FTFRHKC80QU,USD,other_indices,global_indices
599,china,FTSE RAFI Hong Kong/China 80 - QSR EUR PR,FTSE RAFI Hong Kong/China 80 - QSR EUR PR,FTFRHKC80QE,EUR,other_indices,global_indices
600,china,FTSE RAFI Hong Kong/China 80 - QSR AUD PR,FTSE RAFI Hong Kong/China 80 - QSR AUD PR,FTFRHKC80QA,AUD,other_indices,global_indices
601,china,FTSE RAFI Hong Kong/China 80 - QSR JPY PR,FTSE RAFI Hong Kong/China 80 - QSR JPY PR,FTFRHKC80QY,JPY,other_indices,global_indices
602,china,FTSE RAFI Hong Kong/China 80 - QSR GBP PR,FTSE RAFI Hong Kong/China 80 - QSR GBP PR,FTFRHKC80QS,GBP,other_indices,global_indices
603,china,FTSE China HY150 TR CNY,FTSE China HY150 TR CNY,TFTXH150C,CNY,other_indices,global_indices
604,china,FTSE China Travel Leisure EUR,FTSE China Travel Leisure EUR,FTWICHN5750E,EUR,other_indices,global_indices
605,china,FTSE China HY150 TR USD,FTSE China HY150 TR USD,TFTXH150U,USD,other_indices,global_indices
606,china,FTSE ChinaA HY150 CNY,FTSE ChinaA HY150 CNY,FTXH150C,CNY,other_indices,global_indices
607,china,FTSE Mpf China,FTSE Mpf China,FTGPMPF030H,HKD,other_indices,global_indices
608,china,FTSE Greater China 150,FTSE Greater China 150,FTFGCHN150,USD,other_indices,global_indices
609,china,FTSE EPRANAREIT Emerging Net TRIUSD,FTSE EPRANAREIT Emerging Net TRIUSD,TFTRNEICHNU,USD,other_indices,global_indices
610,china,FTSE EPRANAREIT Emerging Net TRIGBP,FTSE EPRANAREIT Emerging Net TRIGBP,TFTRNEICHNS,GBP,other_indices,global_indices
611,china,FTSE EPRANAREIT Emerging Net TRIEUR,FTSE EPRANAREIT Emerging Net TRIEUR,TFTRNEICHNE,EUR,other_indices,global_indices
612,china,FTSE EPRANAREIT Emerging Net TRIAUD,FTSE EPRANAREIT Emerging Net TRIAUD,TFTRNEICHNA,AUD,other_indices,global_indices
613,china,FTSE EPRANAREIT Emerging Net TRIJPY,FTSE EPRANAREIT Emerging Net TRIJPY,TFTRNEICHNY,JPY,other_indices,global_indices
614,china,FTSE EPRANAREIT Emerging CHINA EUR,FTSE EPRANAREIT Emerging CHINA EUR,FTENEICHNE,EUR,other_indices,global_indices
615,china,FTSE Mpf Greater China,FTSE Mpf Greater China,FTGPMPF031H,HKD,other_indices,global_indices
616,china,FTSE EPRANAREIT Emerging CHINA JPY,FTSE EPRANAREIT Emerging CHINA JPY,FTENEICHNY,JPY,other_indices,global_indices
617,china,FTSE EPRANAREIT Emerging CHINA AUD,FTSE EPRANAREIT Emerging CHINA AUD,FTENEICHNA,AUD,other_indices,global_indices
618,china,FTSE EPRANAREIT Emerging CHINA GBP,FTSE EPRANAREIT Emerging CHINA GBP,FTENEICHNS,GBP,other_indices,global_indices
619,china,FTSE China Utilities GBP,FTSE China Utilities GBP,FTWICHN7000S,GBP,other_indices,global_indices
620,china,FTSE China Utilities JPY,FTSE China Utilities JPY,FTWICHN7000Y,JPY,other_indices,global_indices
621,china,FTSE China Utilities USD,FTSE China Utilities USD,FTWICHN7000U,USD,other_indices,global_indices
622,china,FTSE China Utilities EUR,FTSE China Utilities EUR,FTWICHN7000E,EUR,other_indices,global_indices
623,china,FTSE China Travel Leisure GBP,FTSE China Travel Leisure GBP,FTWICHN5750S,GBP,other_indices,global_indices
624,china,FTSE China Travel Leisure JPY,FTSE China Travel Leisure JPY,FTWICHN5750Y,JPY,other_indices,global_indices
625,china,FTSE EPRANAREIT Emerging CHINA USD,FTSE EPRANAREIT Emerging CHINA USD,FTENEICHNU,USD,other_indices,global_indices
626,china,FTSE RAFI Hong Kong China HKD,FTSE RAFI Hong Kong China HKD,FTFRHKGL,HKD,other_indices,global_indices
627,china,FTSE RAFI Hong Kong China AUD,FTSE RAFI Hong Kong China AUD,FTFRHKGA,AUD,other_indices,global_indices
628,china,FTSE RAFI Hong Kong China EUR,FTSE RAFI Hong Kong China EUR,FTFRHKGE,EUR,other_indices,global_indices
629,china,FTSE ChinaA HY150 HKD,FTSE ChinaA HY150 HKD,FTXH150H,HKD,other_indices,global_indices
630,china,FTSE V SK China TR CHF,FTSE V SK China TR CHF,FTGPVP002SF,CHF,other_indices,global_indices
631,china,FTSE V SK China TR AUD,FTSE V SK China TR AUD,FTGPVP002A,AUD,other_indices,global_indices
632,china,FTSE V SK China TR JPY,FTSE V SK China TR JPY,FTGPVP002Y,JPY,other_indices,global_indices
633,china,FTSE V SK China TR GBP,FTSE V SK China TR GBP,FTGPVP002S,GBP,other_indices,global_indices
634,china,FTSE V SK China TR EUR,FTSE V SK China TR EUR,FTGPVP002E,EUR,other_indices,global_indices
635,china,FTSE V SK China TR USD,FTSE V SK China TR USD,FTGPVP002U,USD,other_indices,global_indices
636,china,FTSE V SK China TR CAD,FTSE V SK China TR CAD,FTGPVP002C,CAD,other_indices,global_indices
637,china,FTSE Shariah Greater China USD,FTSE Shariah Greater China USD,FTSWGCHIU,USD,other_indices,global_indices
638,china,FTSE Shariah Greater China JPY,FTSE Shariah Greater China JPY,FTSWGCHIY,JPY,other_indices,global_indices
639,china,FTSE Shariah Greater China GBP,FTSE Shariah Greater China GBP,FTSWGCHIS,GBP,other_indices,global_indices
640,china,FTSE Shariah Greater China EUR,FTSE Shariah Greater China EUR,FTSWGCHIE,EUR,other_indices,global_indices
641,china,FTSE Shariah China USD,FTSE Shariah China USD,FTSWCHNU,USD,other_indices,global_indices
642,china,FTSE Shariah China JPY,FTSE Shariah China JPY,FTSWCHNY,JPY,other_indices,global_indices
643,china,FTSE Shariah China GBP,FTSE Shariah China GBP,FTSWCHNS,GBP,other_indices,global_indices
644,china,FTSE Shariah China EUR,FTSE Shariah China EUR,FTSWCHNE,EUR,other_indices,global_indices
645,china,FTSE RAFI Hong Kong China USD,FTSE RAFI Hong Kong China USD,FTFRHKGU,USD,other_indices,global_indices
646,china,FTSE RAFI Hong Kong China JPY,FTSE RAFI Hong Kong China JPY,FTFRHKGY,JPY,other_indices,global_indices
647,china,FTSE RAFI Hong Kong China GBP,FTSE RAFI Hong Kong China GBP,FTFRHKGS,GBP,other_indices,global_indices
648,china,FTSE ChinaA HY150 USD,FTSE ChinaA HY150 USD,FTXH150U,USD,other_indices,global_indices
649,china,SME-Chinext 100 TRN,SME-Chinext 100 TRN,SME100R,CNY,other_indices,world_indices
650,china,FTSE China Oil Gas Producers EUR,FTSE China Oil Gas Producers EUR,FTWICHN0530E,EUR,other_indices,global_indices
651,china,SSE MidCap,SSE MidCap,SSEMCI,CNY,other_indices,world_indices
652,china,SSE Upstream Industry,SSE Upstream Industry,SSEUII,CNY,other_indices,world_indices
653,china,SSE Utilities EW,SSE Utilities Equal Weight,SSEUSEWI,CNY,other_indices,world_indices
654,china,SSE Utility Sub,SSE Utility Sub,SSEU,CNY,other_indices,world_indices
655,china,SSE Wealth Mid-Small,SSE Wealth Mid-Small,SSEWMSI,CNY,other_indices,world_indices
656,china,SSE180 Growth,SSE180 Growth,SSE180GI,CNY,other_indices,world_indices
657,china,SSE180 Relative Growth,SSE180 Relative Growth,SSE180RGI,CNY,other_indices,world_indices
658,china,SSE180 Relative Value,SSE180 Relative Value,SSE180RVI,CNY,other_indices,world_indices
659,china,SSE180 Value,SSE180 Value,SSE180VI,CNY,other_indices,world_indices
660,china,SSEF 200,SSEF 200,SSEF200,CNY,other_indices,world_indices
661,china,SSEF 300,SSEF 300,SSEF300,CNY,other_indices,world_indices
662,china,SSEF 500,SSEF 500,SSEF500,CNY,other_indices,world_indices
663,china,SZFI 120,SZFI 120,SZFI120,CNY,other_indices,world_indices
664,china,SZFI 200,SZFI 200,SZFI200,CNY,other_indices,world_indices
665,china,SZFI 60,SZFI 60,SZFI60,CNY,other_indices,world_indices
666,china,SZSE 100,SZSE 100,SZS100,CNY,other_indices,world_indices
667,china,SSE Telecommunication Services EW,SSE Telecommunication Services Equal Weight,SSETSSEWI,CNY,other_indices,world_indices
668,china,SZSE 100 Equal Weight,SZSE 100 Equal Weight,SZ100EWI,CNY,other_indices,world_indices
669,china,SSE Sustainable Development Industry,SSE Sustainable Development Industry,SSESDII,CNY,other_indices,world_indices
670,china,SSE State-owned Enterprises 100,SSE State-owned Enterprises 100,SSESOE100,CNY,other_indices,world_indices
671,china,SSE Midstream Industry,SSE Midstream Industry,SSEMII,CNY,other_indices,world_indices
672,china,SSE non-Cyclical Industry 100,SSE non-Cyclical Industry 100,SSENCI100,CNY,other_indices,world_indices
673,china,SSE Overseas-listing A Share,SSE Overseas-listing A Share,SSEOLAS,CNY,other_indices,world_indices
674,china,SSE Private-owned Enterprises 50,SSE Private-owned Enterprises 50,SSEPOES50,CNY,other_indices,world_indices
675,china,SSE Private-owned Enterprises Dividend,SSE Private-owned Enterprises Dividend,SSEPOEDI,CNY,other_indices,world_indices
676,china,SSE Property Sub,SSE Property Sub,SSEP,CNY,other_indices,world_indices
677,china,SSE Resource 50,SSE Resource 50,SSER50,CNY,other_indices,world_indices
678,china,SSE Select Consumption Industries,SSE Select Consumption Industries,SSESCII,CNY,other_indices,world_indices
679,china,SSE Select Consumption Industries TR,SSE Select Consumption Industries Total Return,CSIH00147,CNY,other_indices,world_indices
680,china,SSE Select Manufacturing Industries,SSE Select Manufacturing Industries,SSESMII,CNY,other_indices,world_indices
681,china,SSE Select Resources Industries,SSE Select Resources Industries,SSESRII,CNY,other_indices,world_indices
682,china,SSE Select Resources Industries TR,SSE Select Resources Industries Total Return,CSIH00145,CNY,other_indices,world_indices
683,china,SSE Shanghai Enterprises,SSE Shanghai Enterprises,SSESHE,CNY,other_indices,world_indices
684,china,SSE SmallCap,SSE SmallCap,SSESCI,CNY,other_indices,world_indices
685,china,SSE Social Responsibility,SSE Social Responsibility,SSESRI,CNY,other_indices,world_indices
686,china,SSE State-owned Enterprises Dividend,SSE State-owned Enterprises Dividend,SSESOEDI,CNY,other_indices,world_indices
687,china,SSE Mid&Small Cap,SSE Mid&Small Cap,SSEMSCI,CNY,other_indices,world_indices
688,china,SZSE 100 Low Volatility,SZSE 100 Low Volatility,SZS100LVI,CNY,other_indices,world_indices
689,china,SZSE 100 Price,SZSE 100 Price,SZS100PI,CNY,other_indices,world_indices
690,china,SZSE B Share,SZSE B Share,SZSB,HKD,other_indices,world_indices
691,china,SZSE B Share Sub,SZSE B Share Sub,SZSB1,HKD,other_indices,world_indices
692,china,SZSE Chinext 300,SZSE Chinext 300,SZCH300,CNY,other_indices,world_indices
693,china,SZSE Chinext Equal Weight,SZSE Chinext Equal Weight,SZCEWI,CNY,other_indices,world_indices
694,china,SZSE Chinext Prime Market,SZSE Chinext Prime Market,SZSCPMI,CNY,other_indices,world_indices
695,china,SZSE Chinext Strategic Emerging Industries,SZSE Chinext Strategic Emerging Industries,SZSCSEII,CNY,other_indices,world_indices
696,china,SZSE Component Equal Weighted,SZSE Component Equal Weighted,SZSCEWI,CNY,other_indices,world_indices
697,china,SZSE Corp Governance Price,SZSE Corp Governance Price,SZSCGPI,CNY,other_indices,world_indices
698,china,SZSE Cyclical 50,SZSE Cyclical 50,SZC50I,CNY,other_indices,world_indices
699,china,SZSE Dividend Price,SZSE Dividend Price,SZSDPI,CNY,other_indices,world_indices
700,china,SZSE GDP 100,SZSE GDP 100,SZGDP100,CNY,other_indices,world_indices
701,china,SZSE Growth Price,SZSE Growth Price,SZSGPI,CNY,other_indices,world_indices
702,china,SZSE Innovation,SZSE Innovation,SZSEIN,CNY,other_indices,world_indices
703,china,SZSE New,SZSE New,SZSCI,CNY,other_indices,world_indices
704,china,SZSE Press,SZSE Press,SZSPI1,CNY,other_indices,world_indices
705,china,SZSE A Share Sub,SZSE A Share Sub,SZSA1,CNY,other_indices,world_indices
706,china,SZSE 100 Performance Weighted,SZSE 100 Performance Weighted,SZ100PWI,CNY,other_indices,world_indices
707,china,SZSE A Share,SZSE A Share,SZSA,CNY,other_indices,world_indices
708,china,SZSE 700 Growth,SZSE 700 Growth,SZ700G,CNY,other_indices,world_indices
709,china,SZSE 1000,SZSE 1000,SZ1000I,CNY,other_indices,world_indices
710,china,SZSE 1000 Growth,SZSE 1000 Growth,SZ1000G,CNY,other_indices,world_indices
711,china,SZSE 1000 Value,SZSE 1000 Value,SZ1000V,CNY,other_indices,world_indices
712,china,SZSE 200,SZSE 200,SZ200I,CNY,other_indices,world_indices
713,china,SZSE 300,SZSE 300,SZ300,CNY,other_indices,world_indices
714,china,SZSE 300 Equal Weight,SZSE 300 Equal Weight,SZ300EWI,CNY,other_indices,world_indices
715,china,SZSE 300 Growth Price,SZSE 300 Growth Price,SZ300GPI,CNY,other_indices,world_indices
716,china,SZSE 300 High Beta,SZSE 300 High Beta,SZ300HBI,CNY,other_indices,world_indices
717,china,SZSE 300 Low Volatility,SZSE 300 Low Volatility,SZ300LVI,CNY,other_indices,world_indices
718,china,SZSE 300 Performance Weighted,SZSE 300 Performance Weighted,SZ300PWI,CNY,other_indices,world_indices
719,china,SZSE 300 Price,SZSE 300 Price,SZ300PI,CNY,other_indices,world_indices
720,china,SZSE 300 Value Price,SZSE 300 Value Price,SZ300VPI,CNY,other_indices,world_indices
721,china,SZSE 500 High Beta,SZSE 500 High Beta,SZ500HBI,CNY,other_indices,world_indices
722,china,SZSE 500 Low Volatility,SZSE 500 Low Volatility,SZ500LVI,CNY,other_indices,world_indices
723,china,SZSE 700,SZSE 700,SZ700I,CNY,other_indices,world_indices
724,china,SZSE 700 Value,SZSE 700 Value,SZ700V,CNY,other_indices,world_indices
725,china,SZSE Press Composite,SZSE Press Composite,SZSPI,CNY,other_indices,world_indices
726,china,SSE Mega-cap,SSE Mega-cap,SSEMECA,CNY,other_indices,world_indices
727,china,SSE Materials EW,SSE Materials Equal Weight,SSEMSEWI,CNY,other_indices,world_indices
728,china,SSE 380 Dividend,SSE 380 Dividend,SSE380DI,CNY,other_indices,world_indices
729,china,SSE 380 Dynamic,SSE 380 Dynamic,SSE380D,CNY,other_indices,world_indices
730,china,SSE 380 Energy,SSE 380 Energy,SSE380EI,CNY,other_indices,world_indices
731,china,SSE 380 EW,SSE 380 Equal Weight,SSE380EWI,CNY,other_indices,world_indices
732,china,SSE 380 Financials,SSE 380 Financials,SSE380FI,CNY,other_indices,world_indices
733,china,SSE 380 Fundamental Weighted,SSE 380 Fundamental Weighted,SSE380FWI,CNY,other_indices,world_indices
734,china,SSE 380 Growth,SSE 380 Growth,SSE380GI,CNY,other_indices,world_indices
735,china,SSE 380 Health Care,SSE 380 Health Care,SSE380HCI,CNY,other_indices,world_indices
736,china,SSE 380 High Beta,SSE 380 High Beta,SSE380HBI,CNY,other_indices,world_indices
737,china,SSE 380 Industrials,SSE 380 Industrials,SSE380II,CNY,other_indices,world_indices
738,china,SSE 380 Information Technology,SSE 380 Information Technology,SSE380ITI,CNY,other_indices,world_indices
739,china,SSE 380 Low Beta,SSE 380 Low Beta,SSE380LBI,CNY,other_indices,world_indices
740,china,SSE 380 Materials,SSE 380 Materials,SSE380MI,CNY,other_indices,world_indices
741,china,SSE 380 Relative Growth,SSE 380 Relative Growth,SSE380RGI,CNY,other_indices,world_indices
742,china,SSE 380 Relative Value,SSE 380 Relative Value,SSE380RVI,CNY,other_indices,world_indices
743,china,SSE 380 Consumer Staples,SSE 380 Consumer Staples,SSE380CSI,CNY,other_indices,world_indices
744,china,SSE 380 Stability,SSE 380 Stability,SSE380SI,CNY,other_indices,world_indices
745,china,SSE 380 Consumer Discretionary,SSE 380 Consumer Discretionary,SSE380CDI,CNY,other_indices,world_indices
746,china,SSE 180 Volatility Weighted,SSE 180 Volatility Weighted,SSE180VWI,CNY,other_indices,world_indices
747,china,SME-Chinext Growth,SME-Chinext Growth,SZSCG,CNY,other_indices,world_indices
748,china,SME-Chinext Tec 100 Price,SME-Chinext Tec 100 Price,SZTEC100P,CNY,other_indices,world_indices
749,china,SME-Chinext Value,SME-Chinext Value,SZSCV,CNY,other_indices,world_indices
750,china,SSE 150,SSE 150,SSE150I,CNY,other_indices,world_indices
751,china,SSE 180 Corporate Governance,SSE 180 Corporate Governance,SSE180CGI,CNY,other_indices,world_indices
752,china,SSE 180 Dividend,SSE 180 Dividend,SSE180DI,CNY,other_indices,world_indices
753,china,SSE 180 Dynamic,SSE 180 Dynamic,SSE180D,CNY,other_indices,world_indices
754,china,SSE 180 EW,SSE 180 Equal Weight,SSE180EWI,CNY,other_indices,world_indices
755,china,SSE 180 Fundamental Weighted,SSE 180 Fundamental Weighted,SSE180FWI,CNY,other_indices,world_indices
756,china,SSE 180 High Beta,SSE 180 High Beta,SSE180HBI,CNY,other_indices,world_indices
757,china,SSE 180 Infrastructure,SSE 180 Infrastructure,SSE180INF,CNY,other_indices,world_indices
758,china,SSE 180 Low Beta,SSE 180 Low Beta,SSE180LBI,CNY,other_indices,world_indices
759,china,SSE 180 Natural Resource,SSE 180 Natural Resource,SSE180NR,CNY,other_indices,world_indices
760,china,SSE 180 Stability,SSE 180 Stability,SSE180SI,CNY,other_indices,world_indices
761,china,SSE 180 Transportation,SSE 180 Transportation,SSE180TP,CNY,other_indices,world_indices
762,china,SSE 380,SSE 380,HKSSE380,HKD,other_indices,world_indices
763,china,SSE Medium Enterprise Composite,SSE Medium Enterprise Composite,SSEMECI,CNY,other_indices,world_indices
764,china,SSE 380 Telecommunication Services,SSE 380 Telecommunication Services,SSE380TSI,CNY,other_indices,world_indices
765,china,SSE 380 Value,SSE 380 Value,SSE380VI,CNY,other_indices,world_indices
766,china,SSE Health Care theme,SSE Health Care theme,SSEHCTI,CNY,other_indices,world_indices
767,china,SSE High And New Technology Enterprises,SSE High And New Technology Enterprises,SSEHANTEI,CNY,other_indices,world_indices
768,china,SSE High-End Equipment Manufacturing 60,SSE High-End Equipment Manufacturing 60,SSEHEEM60,CNY,other_indices,world_indices
769,china,SSE Industrial Sub,SSE Industrial Sub,SSEI,CNY,other_indices,world_indices
770,china,SSE Industrials EW,SSE Industrials Equal Weight,SSEISEWI,CNY,other_indices,world_indices
771,china,SSE Industry Top,SSE Industry Top,SSEINDTOP,CNY,other_indices,world_indices
772,china,SSE Information Technology EW,SSE Information Technology Equal Weight,SSEITSEWI,CNY,other_indices,world_indices
773,china,SSE Large&Mid&Small Cap,SSE Large&Mid&Small Cap,SSELMSCI,CNY,other_indices,world_indices
774,china,SSE Large&Mid&Small Cap Growth,SSE Large&Mid&Small Cap Growth,SSELMSCG,CNY,other_indices,world_indices
775,china,SSE Large&Mid&Small Cap Relative Growth,SSE Large&Mid&Small Cap Relative Growth,SSELMSCRG,CNY,other_indices,world_indices
776,china,SSE Large&Mid&Small Cap Relative Value,SSE Large&Mid&Small Cap Relative Value,SSELMSCRV,CNY,other_indices,world_indices
777,china,SSE Large&Mid&Small Cap Value,SSE Large&Mid&Small Cap Value,SSELMSCV,CNY,other_indices,world_indices
778,china,SSE Leading Consumption and Services,SSE Leading Consumption and Services,SSELCASI,CNY,other_indices,world_indices
779,china,SSE Local State-owned Enterprises 50,SSE Local State-owned Enterprises 50,SSELSOE50,CNY,other_indices,world_indices
780,china,SSE Market Value Top 100,SSE Market Value Top 100,SSEMV100I,CNY,other_indices,world_indices
781,china,SSE Health Care EW,SSE Health Care Equal Weight,SSEHCSEWI,CNY,other_indices,world_indices
782,china,SSE 380 Utilities,SSE 380 Utilities,SSE380UI,CNY,other_indices,world_indices
783,china,SSE Free Float,SSE Free Float,SSEFF,CNY,other_indices,world_indices
784,china,SSE Environmental Protection Industry,SSE Environmental Protection Industry,SSEEPII,CNY,other_indices,world_indices
785,china,SSE 380 Volatility Weighted,SSE 380 Volatility Weighted,SSE380VWI,CNY,other_indices,world_indices
786,china,SSE 50 EW,SSE 50 Equal Weight,SSELEWI,CNY,other_indices,world_indices
787,china,SSE 50 Fundamental Weighted,SSE 50 Fundamental Weighted,SSE50FWI,CNY,other_indices,world_indices
788,china,SSE Agriculture theme,SSE Agriculture theme,SSEATI,CNY,other_indices,world_indices
789,china,SSE Banks Total Return,SSE Banks Total Return,CSIH00134,CNY,other_indices,world_indices
790,china,SSE Central State-owned Enterprises 50,SSE Central State-owned Enterprises 50,SSECSOE50,CNY,other_indices,world_indices
791,china,SSE Commercial Sub,SSE Commercial Sub,SSEM,CNY,other_indices,world_indices
792,china,SSE Consumer 50,SSE Consumer 50,SSEC50I,CNY,other_indices,world_indices
793,china,SSE Consumer 80,SSE Consumer 80,SSEC80,CNY,other_indices,world_indices
794,china,SSE Consumer Discretionary EW,SSE Consumer Discretionary Equal Weight,SSECDSEWI,CNY,other_indices,world_indices
795,china,SSE Consumer Staples EW,SSE Consumer Staples Equal Weight,SSECSSEWI,CNY,other_indices,world_indices
796,china,SSE Cyclical Industry 50,SSE Cyclical Industry 50,SSECI50,CNY,other_indices,world_indices
797,china,SSE Dividend,SSE Dividend,SSEDI,CNY,other_indices,world_indices
798,china,SSE Downstream Industry,SSE Downstream Industry,SSEDII,CNY,other_indices,world_indices
799,china,SSE Energy EW,SSE Energy Equal Weight,SSEESEWI,CNY,other_indices,world_indices
800,china,SSE Financials EW,SSE Financials Equal Weight,SSEFSEWI,CNY,other_indices,world_indices
801,china,SZSE SME 300 Price,SZSE SME 300 Price,SZSME300,CNY,other_indices,world_indices
802,china,SZSE Composite,SZSE Composite,SZSC,CNY,other_indices,world_indices
803,china,SZSE SME Corp Governance,SZSE SME Corp Governance,SZSMECGI,CNY,other_indices,world_indices
804,china,SZSE TMT50 Price,SZSE TMT50 Price,SZSTPI,CNY,other_indices,world_indices
805,china,SZSE Strategic Emerging Industries,SZSE Strategic Emerging Industries,SZSSEII,CNY,other_indices,world_indices
806,china,SZSE SME-Chinext Hnte,SZSE SME-Chinext Hnte,SZSHI,CNY,other_indices,world_indices
807,china,SZSE SME-Chinext 100 Equal Weighted,SZSE SME-Chinext 100 Equal Weighted,SZS100EWI,CNY,other_indices,world_indices
808,china,SZSE SME Strategic Emerging Industries,SZSE SME Strategic Emerging Industries,SZSSSEII,CNY,other_indices,world_indices
809,china,SZSE SME Return,SZSE SME Return,SZSMERI,CNY,other_indices,world_indices
810,china,SZSE SME Prime Market,SZSE SME Prime Market,SZSMEPMI,CNY,other_indices,world_indices
811,china,SZSE SME Performance Weighted,SZSE SME Performance Weighted,SZSPWI,CNY,other_indices,world_indices
812,china,SZSE SME Low Volatility,SZSE SME Low Volatility,SZSLVI,CNY,other_indices,world_indices
813,china,SZSE SME High Beta,SZSE SME High Beta,SZSHBI,CNY,other_indices,world_indices
814,china,SZSE SME Equal Weight,SZSE SME Equal Weight,SZSEWI,CNY,other_indices,world_indices
815,china,SZSE SME Dividend,SZSE SME Dividend,SZSMEDI,CNY,other_indices,world_indices
816,china,SZSE SME CSR,SZSE SME CSR,SZSMECI,CNY,other_indices,world_indices
817,china,SZSE SME Price,SZSE SME Price,SZSMEPI,CNY,other_indices,world_indices
818,china,SZSE SME Composite,SZSE SME Composite,SZSME,CNY,other_indices,world_indices
